pathway,database,overlap,pathway_size,fold_enrichment,vif,z_score,p_value,overlapping_genes,fdr_q
Apoptosis Induced DNA Fragmentation R-HSA-140342,Reactome,4,13,18.5,1.34,6.15,3.8805659480858946e-10,"H1-3, H1-4, H1-5, KPNA1",2.3322201347996226e-07
Acetylcholine Regulates Insulin Secretion R-HSA-399997,Reactome,3,10,18.04,1.69,4.44,4.419142230436998e-06,"CHRM3, GNA14, PRKCA",0.0013279522402463177
Signaling By Leptin R-HSA-2586552,Reactome,3,11,16.4,1.61,4.3,8.45660791829068e-06,"PTPN11, STAT3, STAT5B",0.0016035124556879614
Arachidonate Production From DAG R-HSA-426048,Reactome,2,5,24.06,1.36,4.25,1.067229587812287e-05,"DAGLA, DAGLB",0.0016035124556879614
Formation Of Senescence-Associated Heterochromatin Foci (SAHF) R-HSA-2559584,Reactome,3,16,11.28,1.24,3.92,4.4654792616002335e-05,"H1-3, H1-4, H1-5",0.005367506072443481
"Interleukin-3, Interleukin-5 And GM-CSF Signaling R-HSA-512988",Reactome,4,41,5.87,1.09,3.3,0.0004846436982265608,"INPP5D, PRKCA, PTPN11, STAT5B",0.04345103544997297
Signaling By SCF-KIT R-HSA-1433557,Reactome,4,40,6.01,1.16,3.26,0.0005499212287433108,"PRKCA, PTPN11, STAT3, STAT5B",0.04345103544997297
Interleukin-9 Signaling R-HSA-8985947,Reactome,2,9,13.36,1.17,3.25,0.0005783831673873273,"STAT3, STAT5B",0.04345103544997297
Interleukin-21 Signaling R-HSA-9020958,Reactome,2,10,12.03,1.14,3.09,0.001011762070860051,"STAT3, STAT5B",0.06756322273187673
Apoptotic Execution Phase R-HSA-75153,Reactome,5,49,6.14,1.87,3.02,0.0012821336024866114,"H1-3, H1-4, H1-5, KPNA1, SPTAN1",0.07705622950944534
Disorders Of Developmental Biology R-HSA-9675151,Reactome,2,12,10.02,1.0,2.94,0.0016575266264972452,"NCOR1, PRKCA",0.09056122750225858
Sealing Of Nuclear Envelope (NE) By ESCRT-III R-HSA-9668328,Reactome,3,29,6.22,1.05,2.86,0.0020851462851273687,"CHMP4C, TUBA1B, TUBA1C",0.10443107644679572
PECAM1 Interactions R-HSA-210990,Reactome,2,11,10.93,1.25,2.78,0.0026938753779902217,"INPP5D, PTPN11",0.12453993093631717
STAT5 Activation R-HSA-9645135,Reactome,2,7,17.18,2.28,2.71,0.0033472805902978364,"PTPN11, STAT5B",0.1422784212422872
Effects Of PIP2 Hydrolysis R-HSA-114508,Reactome,3,27,6.68,1.32,2.69,0.0035510421275113274,"DAGLA, DAGLB, ITPR1",0.1422784212422872
Interleukin-20 Family Signaling R-HSA-8854691,Reactome,3,26,6.94,1.61,2.5,0.00623866152923703,"PTPN11, STAT3, STAT5B",0.2226089414925878
Metabolism Of Folate And Pterines R-HSA-196757,Reactome,2,15,8.02,1.03,2.49,0.006472957795906614,"MTHFD1L, MTHFD2",0.2226089414925878
STAT5 Activation Downstream Of FLT3 ITD Mutants R-HSA-9702518,Reactome,2,10,12.03,1.78,2.47,0.006760435939397022,"PTPN11, STAT5B",0.2226089414925878
RHOD GTPase Cycle R-HSA-9013405,Reactome,4,46,5.23,1.65,2.46,0.007039983542811824,"ANKFY1, CAPZB, LMAN1, RHOD",0.2226089414925878
Signaling By VEGF R-HSA-194138,Reactome,6,91,3.97,1.81,2.44,0.007407951463979628,"ABI2, ELMO1, FLT1, ITPR1, NCF2, PRKCA",0.2226089414925878
Downstream Signal Transduction R-HSA-186763,Reactome,3,28,6.44,1.61,2.37,0.008920382304125899,"PTPN11, STAT3, STAT5B",0.24714247453345284
Interleukin-6 Signaling R-HSA-1059683,Reactome,2,11,10.93,1.73,2.36,0.009046812711707092,"PTPN11, STAT3",0.24714247453345284
Acetylcholine Neurotransmitter Release Cycle R-HSA-264642,Reactome,2,16,7.52,1.06,2.34,0.00953837458187991,"RAB3A, SH2D3C",0.24924187494390546
Signaling By KIT In Disease R-HSA-9669938,Reactome,2,18,6.68,1.05,2.16,0.015323107446700719,"STAT3, STAT5B",0.3683605333372555
Platelet Sensitization By LDL R-HSA-432142,Reactome,2,16,7.52,1.27,2.14,0.01621152398216116,"PPP2R5A, PTPN11",0.3683605333372555
VEGFR2 Mediated Cell Proliferation R-HSA-5218921,Reactome,2,17,7.08,1.17,2.13,0.016428608593033328,"ITPR1, PRKCA",0.3683605333372555
GAB1 Signalosome R-HSA-180292,Reactome,2,17,7.08,1.18,2.13,0.016548642928628784,"BTC, PTPN11",0.3683605333372555
Interleukin-2 Family Signaling R-HSA-451927,Reactome,3,44,4.1,1.0,2.09,0.018407164648785345,"INPP5D, STAT3, STAT5B",0.39509664121142835
Lysine degradation,KEGG,4,59,4.08,1.56,2.06,0.019836310520845425,"COLGALT2, PIPOX, PRDM16, SUV39H2",0.4110904352768311
DNA Damage/Telomere Stress Induced Senescence R-HSA-2559586,Reactome,4,58,4.15,1.71,2.0,0.02297036522841975,"H1-3, H1-4, H1-5, H2BC5",0.4601729834093424
ERK/MAPK Targets R-HSA-198753,Reactome,2,21,5.73,1.0,1.97,0.02469532357200085,"DUSP3, MEF2A",0.47373629995148564
Programmed Cell Death R-HSA-5357801,Reactome,9,192,2.82,2.38,1.96,0.025223896170461797,"CHMP4C, H1-3, H1-4, H1-5, KPNA1, PSMA6, PSMC1, SPTAN1, STAT3",0.47373629995148564
VEGFA-VEGFR2 Pathway R-HSA-4420097,Reactome,5,85,3.54,1.83,1.94,0.02614090579043794,"ABI2, ELMO1, ITPR1, NCF2, PRKCA",0.476081344850097
Prolactin Receptor Signaling R-HSA-1170546,Reactome,2,15,8.02,1.76,1.9,0.02839893907711696,"PTPN11, STAT5B",0.501993011333744
Apoptosis R-HSA-109581,Reactome,8,163,2.95,2.45,1.89,0.029666969475493042,"H1-3, H1-4, H1-5, KPNA1, PSMA6, PSMC1, SPTAN1, STAT3",0.5094242472791806
SHC1 Events In ERBB2 Signaling R-HSA-1250196,Reactome,2,21,5.73,1.12,1.86,0.03171210141836415,"BTC, PRKCA",0.5210576714865538
Sensory Processing Of Sound By Inner Hair Cells Of Cochlea R-HSA-9662360,Reactome,4,59,4.08,1.96,1.83,0.03326671789900198,"CAPZB, EPS8, RAB3A, SPTAN1",0.5210576714865538
CTLA4 Inhibitory Signaling R-HSA-389513,Reactome,2,20,6.01,1.25,1.83,0.0337569791934939,"PPP2R5A, PTPN11",0.5210576714865538
Deregulated CDK5 Triggers Neurodegenerative Pathways In Alzheimers Disease Models R-HSA-8862803,Reactome,2,20,6.01,1.25,1.82,0.034084510020448135,"CAPN1, CDC25A",0.5210576714865538
One carbon pool by folate,KEGG,2,18,6.68,1.49,1.82,0.03467937913388045,"MTHFD1L, MTHFD2",0.5210576714865538
Dopamine Neurotransmitter Release Cycle R-HSA-212676,Reactome,2,22,5.47,1.11,1.79,0.03645359831850144,"APBA1, RAB3A",0.5343564046199845
Pancreatic secretion,KEGG,5,101,2.98,1.57,1.76,0.03921199025057501,"CHRM3, ITPR1, PRKCA, RAB11A, RAB8A",0.5611049081094185
VxPx Cargo-Targeting To Cilium R-HSA-5620916,Reactome,2,20,6.01,1.41,1.72,0.042920522783326975,"RAB11A, RAB8A",0.5652894690736903
Growth Hormone Receptor Signaling R-HSA-982772,Reactome,2,24,5.01,1.05,1.72,0.04300548016254098,"STAT3, STAT5B",0.5652894690736903
Necroptosis,KEGG,6,135,2.67,1.65,1.71,0.04328496731258942,"CAPN1, CHMP4C, H2AC11, H2AC12, STAT3, STAT5B",0.5652894690736903
RAB Geranylgeranylation R-HSA-8873719,Reactome,4,60,4.01,2.19,1.71,0.04360106736282379,"RAB11A, RAB1A, RAB3A, RAB8A",0.5652894690736903
Interleukin-15 Signaling R-HSA-8983432,Reactome,2,14,8.59,2.42,1.7,0.04420732952822536,"STAT3, STAT5B",0.5652894690736903
Signaling By FLT3 ITD And TKD Mutants R-HSA-9703648,Reactome,2,15,8.02,2.28,1.67,0.046991440806210635,"PTPN11, STAT5B",0.5844981466752572
Infection With Mycobacterium Tuberculosis R-HSA-9635486,Reactome,2,22,5.47,1.31,1.65,0.04914280123568366,"ENO1, KPNA1",0.5844981466752572
Defective Intrinsic Pathway For Apoptosis R-HSA-9734009,Reactome,2,23,5.23,1.25,1.63,0.05144231287060615,"CAPN1, CDC25A",0.5844981466752572
HIF-1 signaling pathway,KEGG,5,106,2.84,1.64,1.63,0.051749458702861795,"ENO1, FLT1, HK2, PRKCA, STAT3",0.5844981466752572
Salivary secretion,KEGG,4,79,3.05,1.43,1.62,0.053096503213562615,"CHRM3, ITPR1, PRKCA, TRPV6",0.5844981466752572
Signaling By ERBB4 R-HSA-1236394,Reactome,3,52,3.47,1.24,1.6,0.05510754246806385,"BTC, GABRB2, NCOR1",0.5844981466752572
Response Of Mtb To Phagocytosis R-HSA-9637690,Reactome,2,18,6.68,1.93,1.6,0.05533805495168905,"ENO1, KPNA1",0.5844981466752572
Interleukin-7 Signaling R-HSA-1266695,Reactome,2,25,4.81,1.16,1.58,0.05757758876880615,"STAT3, STAT5B",0.5844981466752572
Sensory Processing Of Sound R-HSA-9659379,Reactome,4,67,3.59,2.1,1.57,0.05764034005666342,"CAPZB, EPS8, RAB3A, SPTAN1",0.5844981466752572
Signaling By Cytosolic FGFR1 Fusion Mutants R-HSA-1839117,Reactome,2,16,7.52,2.39,1.56,0.059125153445384784,"STAT3, STAT5B",0.5844981466752572
Post-chaperonin Tubulin Folding Pathway R-HSA-389977,Reactome,2,23,5.23,1.38,1.55,0.06004108332973276,"TUBA1B, TUBA1C",0.5844981466752572
Fcgamma Receptor (FCGR) Dependent Phagocytosis R-HSA-2029480,Reactome,4,70,3.44,2.02,1.54,0.06163315433762655,"ABI2, ELMO1, ITPR1, MYH2",0.5844981466752572
FLT3 Signaling R-HSA-9607240,Reactome,3,35,5.15,2.76,1.53,0.06339856787559141,"PTPN11, SLA2, STAT5B",0.5844981466752572
Epithelial cell signaling in Helicobacter pylori infection,KEGG,4,66,3.64,2.34,1.51,0.06504694473796299,"ATP6V1G3, CXCR1, F11R, PTPN11",0.5844981466752572
Signaling By CSF3 (G-CSF) R-HSA-9674555,Reactome,3,28,6.44,4.05,1.5,0.06738095349989691,"PTPN11, STAT3, STAT5B",0.5844981466752572
Interleukin-37 Signaling R-HSA-9008059,Reactome,2,21,5.73,1.73,1.5,0.06742549121104928,"PTPN11, STAT3",0.5844981466752572
Phosphatidylinositol signaling system,KEGG,5,97,3.1,2.37,1.49,0.06769001708357412,"INPP5A, INPP5D, ITPK1, ITPR1, PRKCA",0.5844981466752572
Neurotransmitter Release Cycle R-HSA-112310,Reactome,3,49,3.68,1.6,1.49,0.06791180628159993,"APBA1, RAB3A, SH2D3C",0.5844981466752572
RAF-independent MAPK1/3 Activation R-HSA-112409,Reactome,2,23,5.23,1.5,1.49,0.06847058134843555,"DUSP12, PTPN11",0.5844981466752572
MAPK Targets/ Nuclear Events Mediated By MAP Kinases R-HSA-450282,Reactome,2,29,4.15,1.0,1.48,0.06951585204436136,"DUSP3, MEF2A",0.5844981466752572
Retrograde endocannabinoid signaling,KEGG,6,137,2.63,2.19,1.46,0.0719573213832791,"DAGLA, DAGLB, GABRB2, ITPR1, KCNJ6, PRKCA",0.5844981466752572
Ubiquitin Mediated Degradation Of Phosphorylated Cdc25A R-HSA-69601,Reactome,3,49,3.68,1.71,1.44,0.07490798758856239,"CDC25A, PSMA6, PSMC1",0.5844981466752572
Early SARS-CoV-2 Infection Events R-HSA-9772572,Reactome,2,30,4.01,1.0,1.43,0.07624014413948803,"CHMP4C, GPC6",0.5844981466752572
Signaling By PDGF R-HSA-186797,Reactome,3,51,3.54,1.61,1.43,0.07687765647639586,"PTPN11, STAT3, STAT5B",0.5844981466752572
Regulation Of Actin Dynamics For Phagocytic Cup Formation R-HSA-2029482,Reactome,3,46,3.92,1.97,1.43,0.07690420841990901,"ABI2, ELMO1, MYH2",0.5844981466752572
Signaling By Non-Receptor Tyrosine Kinases R-HSA-9006927,Reactome,3,50,3.61,1.69,1.42,0.07723787639601642,"BTC, ELMO1, STAT3",0.5844981466752572
Inositol Phosphate Metabolism R-HSA-1483249,Reactome,3,48,3.76,1.84,1.42,0.07817167464086977,"INPP5A, INPP5D, ITPK1",0.5844981466752572
Leukocyte transendothelial migration,KEGG,5,107,2.81,2.13,1.41,0.07873686547145242,"CLDN22, F11R, NCF2, PRKCA, PTPN11",0.5844981466752572
HCMV Infection R-HSA-9609646,Reactome,5,108,2.78,2.16,1.39,0.0823645512243169,"CHMP4C, H2AC11, H2AC12, H2BC5, NCOR1",0.5844981466752572
Chaperonin-mediated Protein Folding R-HSA-390466,Reactome,4,85,2.83,1.65,1.38,0.08377020216923181,"GNA14, STAT3, TUBA1B, TUBA1C",0.5844981466752572
TBC/RABGAPs R-HSA-8854214,Reactome,3,43,4.2,2.39,1.38,0.08415095386616117,"RAB11A, RAB8A, TBC1D13",0.5844981466752572
HDACs Deacetylate Histones R-HSA-3214815,Reactome,4,59,4.08,3.52,1.37,0.08548794015117422,"H2AC11, H2AC12, H2BC5, NCOR1",0.5844981466752572
Regulation Of MECP2 Expression And Activity R-HSA-9022692,Reactome,2,31,3.88,1.04,1.36,0.08698575264314401,"NCOR1, PRKCA",0.5844981466752572
TRP Channels R-HSA-3295583,Reactome,2,25,4.81,1.57,1.35,0.08778898001454438,"TRPV3, TRPV6",0.5844981466752572
RHO GTPases Activate NADPH Oxidases R-HSA-5668599,Reactome,2,24,5.01,1.69,1.35,0.08804026575857188,"NCF2, PRKCA",0.5844981466752572
Interleukin-6 Family Signaling R-HSA-6783589,Reactome,2,24,5.01,1.73,1.34,0.09041915459780558,"PTPN11, STAT3",0.5844981466752572
FCGR3A-mediated Phagocytosis R-HSA-9664422,Reactome,3,45,4.01,2.39,1.32,0.09298612316880467,"ABI2, ELMO1, MYH2",0.5844981466752572
Synthesis Of IP3 And IP4 In Cytosol R-HSA-1855204,Reactome,2,26,4.63,1.55,1.32,0.09419093343817592,"INPP5D, ITPK1",0.5844981466752572
Serotonergic synapse,KEGG,5,109,2.76,2.4,1.3,0.09602101163462151,"GABRB2, HTR1B, ITPR1, KCNJ6, PRKCA",0.5844981466752572
GnRH secretion,KEGG,3,64,2.82,1.16,1.3,0.09611391725355323,"ITPR1, KCNJ6, PRKCA",0.5844981466752572
Nuclear Signaling By ERBB4 R-HSA-1251985,Reactome,2,30,4.01,1.21,1.3,0.09631046174702784,"BTC, NCOR1",0.5844981466752572
PLC Beta Mediated Events R-HSA-112043,Reactome,3,46,3.92,2.4,1.29,0.09773325558250534,"GNA14, ITPR1, PRKCA",0.5844981466752572
Phagosome,KEGG,5,135,2.23,1.4,1.29,0.09850273430409429,"ATP6V1G3, NCF2, SEC61A2, TUBA1B, TUBA1C",0.5844981466752572
Signaling By Receptor Tyrosine Kinases R-HSA-9006934,Reactome,16,469,2.05,4.81,1.29,0.09872066023451109,"ABI2, ATP6V1G3, BTC, DUSP3, ELMO1, FLT1, GABRB2, HNRNPF, ITPR1, MEF2A, NCF2, NCOR1, PRKCA, PTPN11, STAT3, STAT5B",0.5844981466752572
Regulation Of Insulin Secretion R-HSA-422356,Reactome,4,73,3.3,2.69,1.28,0.10063637812365911,"CHRM3, GNA14, ITPR1, PRKCA",0.5844981466752572
Protein Folding R-HSA-391251,Reactome,4,91,2.64,1.66,1.27,0.1025888366916492,"GNA14, STAT3, TUBA1B, TUBA1C",0.5844981466752572
Rab Regulation Of Trafficking R-HSA-9007101,Reactome,6,119,3.03,4.07,1.26,0.10454869763753671,"RAB11A, RAB1A, RAB3A, RAB3GAP2, RAB8A, TBC1D13",0.5844981466752572
G-protein Mediated Events R-HSA-112040,Reactome,3,51,3.54,2.09,1.25,0.10506716035788166,"GNA14, ITPR1, PRKCA",0.5844981466752572
Metabolism Of Vitamins And Cofactors R-HSA-196854,Reactome,6,174,2.07,1.56,1.25,0.10641999564285443,"COQ5, GPC6, MTHFD1L, MTHFD2, MTRR, SLC25A19",0.5844981466752572
Gap junction,KEGG,4,87,2.77,1.94,1.24,0.10775083688792775,"ITPR1, PRKCA, TUBA1B, TUBA1C",0.5844981466752572
Oxytocin signaling pathway,KEGG,6,149,2.42,2.5,1.23,0.109068028410575,"CACNA2D3, EEF2K, ITPR1, KCNJ6, MYLK3, PRKCA",0.5844981466752572
Ub-specific Processing Proteases R-HSA-5689880,Reactome,6,157,2.3,2.19,1.23,0.11018365157993981,"CDC25A, H2AC11, H2AC12, H2BC5, PSMA6, PSMC1",0.5844981466752572
COPI-independent Golgi-to-ER Retrograde Traffic R-HSA-6811436,Reactome,2,33,3.64,1.13,1.22,0.11145565279676839,"CAPZB, RAB3GAP2",0.5844981466752572
Formation Of Tubulin Folding Intermediates By CCT/TriC R-HSA-389960,Reactome,2,26,4.63,1.81,1.22,0.11150036260377466,"TUBA1B, TUBA1C",0.5844981466752572
GPVI-mediated Activation Cascade R-HSA-114604,Reactome,2,29,4.15,1.49,1.21,0.11288397172129538,"PDPN, PTPN11",0.5844981466752572
MyD88-independent TLR4 Cascade R-HSA-166166,Reactome,4,102,2.36,1.35,1.21,0.1135552621525791,"DUSP3, MEF2A, PTPN11, TIFA",0.5844981466752572
FGFR1 Mutant Receptor Activation R-HSA-1839124,Reactome,2,29,4.15,1.6,1.17,0.12119721077549139,"STAT3, STAT5B",0.5844981466752572
Antigen processing-Cross Presentation R-HSA-1236975,Reactome,4,94,2.56,1.88,1.14,0.12645016512164503,"NCF2, PSMA6, PSMC1, SEC61A2",0.5844981466752572
Autoimmune thyroid disease,KEGG,2,29,4.15,1.69,1.14,0.12723233409789309,"IL4, TG",0.5844981466752572
HCMV Late Events R-HSA-9610379,Reactome,4,80,3.01,2.79,1.14,0.12752934809205946,"CHMP4C, H2AC11, H2AC12, H2BC5",0.5844981466752572
GLI3 Is Processed To GLI3R By Proteasome R-HSA-5610785,Reactome,3,56,3.22,2.09,1.14,0.12767204810802502,"PRKCA, PSMA6, PSMC1",0.5844981466752572
Degradation Of GLI2 By Proteasome R-HSA-5610783,Reactome,3,56,3.22,2.1,1.13,0.1286504626980226,"PRKCA, PSMA6, PSMC1",0.5844981466752572
Aldosterone synthesis and secretion,KEGG,4,96,2.51,1.82,1.13,0.12916744600131008,"DAGLA, DAGLB, ITPR1, PRKCA",0.5844981466752572
Hedgehog Off State R-HSA-5610787,Reactome,4,92,2.61,2.04,1.13,0.12937459187201417,"PRKCA, PSMA6, PSMC1, TULP3",0.5844981466752572
Vibrio cholerae infection,KEGG,3,49,3.68,2.83,1.12,0.13121075479059774,"ATP6V1G3, PRKCA, SEC61A2",0.5844981466752572
Metalloprotease DUBs R-HSA-5689901,Reactome,2,29,4.15,1.77,1.11,0.1330668687062903,"H2AC11, H2AC12",0.5844981466752572
Gastric acid secretion,KEGG,4,75,3.21,3.41,1.1,0.1348365363849141,"CHRM3, ITPR1, MYLK3, PRKCA",0.5844981466752572
Cooperation Of Prefoldin And TriC/CCT In Actin And Tubulin Folding R-HSA-389958,Reactome,2,31,3.88,1.6,1.1,0.1366776147119237,"TUBA1B, TUBA1C",0.5844981466752572
Regulation Of Expression Of SLITs And ROBOs R-HSA-9010553,Reactome,7,159,2.65,4.83,1.09,0.13706286452698635,"PSMA6, PSMC1, RPL22L1, RPL29, RPL7A, RPS27L, UPF3A",0.5844981466752572
Signaling By Interleukins R-HSA-449147,Reactome,12,433,1.67,2.27,1.09,0.1381037527401408,"DUSP3, HNRNPF, IL4, INPP5D, MEF2A, PRKCA, PSMA6, PSMC1, PTPN11, STAT3, STAT5B, TIFA",0.5844981466752572
G Alpha (Q) Signaling Events R-HSA-416476,Reactome,7,200,2.1,2.7,1.08,0.1411019542017366,"CHRM3, DAGLA, DAGLB, GNA14, ITPR1, PMCH, PRKCA",0.5844981466752572
RHOF GTPase Cycle R-HSA-9035034,Reactome,2,38,3.17,1.06,1.07,0.14187721271997972,"CAPZB, RHOF",0.5844981466752572
Interleukin-1 Family Signaling R-HSA-446652,Reactome,6,149,2.42,3.3,1.07,0.14221287361807133,"IL4, PSMA6, PSMC1, PTPN11, STAT3, TIFA",0.5844981466752572
Mitotic G2-G2/M Phases R-HSA-453274,Reactome,6,173,2.09,2.19,1.06,0.14434423372860594,"CDC25A, NME7, PRKCA, PSMA6, PSMC1, RAB8A",0.5844981466752572
Signaling By ROBO Receptors R-HSA-376176,Reactome,8,197,2.44,5.0,1.06,0.14459559997724808,"PRKCA, PSMA6, PSMC1, RPL22L1, RPL29, RPL7A, RPS27L, UPF3A",0.5844981466752572
HCMV Early Events R-HSA-9609690,Reactome,4,92,2.61,2.31,1.06,0.14473969971995593,"H2AC11, H2AC12, H2BC5, NCOR1",0.5844981466752572
RHOU GTPase Cycle R-HSA-9013420,Reactome,2,34,3.54,1.41,1.06,0.1451925526528946,"ITSN2, SPTAN1",0.5844981466752572
RAB GEFs Exchange GTP For GDP On RABs R-HSA-8876198,Reactome,4,88,2.73,2.6,1.06,0.14538072024625642,"RAB1A, RAB3A, RAB3GAP2, RAB8A",0.5844981466752572
Deubiquitination R-HSA-5688426,Reactome,7,228,1.85,1.8,1.05,0.14609934720433604,"CDC25A, H2AC11, H2AC12, H2BC5, PSMA6, PSMC1, TNIP1",0.5844981466752572
RHO GTPase Cycle R-HSA-9012999,Reactome,13,404,1.94,4.69,1.05,0.14623257482727153,"ABI2, ANKFY1, ANLN, ARHGAP20, CAPZB, FNBP1, ITSN2, LMAN1, NCF2, RHOD, RHOF, SPTAN1, TUBA1B",0.5844981466752572
Degradation Of GLI1 By Proteasome R-HSA-5610780,Reactome,3,56,3.22,2.48,1.04,0.1486276101808639,"PRKCA, PSMA6, PSMC1",0.5844981466752572
UCH Proteinases R-HSA-5689603,Reactome,4,91,2.64,2.46,1.04,0.14882345956348225,"H2AC11, H2AC12, PSMA6, PSMC1",0.5844981466752572
Estrogen signaling pathway,KEGG,5,135,2.23,2.16,1.04,0.14986986227710786,"ITPR1, KCNJ6, KRT18, KRT38, TFF1",0.5844981466752572
PI3K/AKT/mTOR  Signaling,Hallmark,4,103,2.34,1.78,1.03,0.15045105383027724,"DUSP3, GNA14, IL4, PTPN11",0.5844981466752572
G2/M Transition R-HSA-69275,Reactome,6,171,2.11,2.39,1.03,0.15060777897122368,"CDC25A, NME7, PRKCA, PSMA6, PSMC1, RAB8A",0.5844981466752572
Nonsense Mediated Decay (NMD) Enhanced By Exon Junction Complex (EJC) R-HSA-975957,Reactome,5,105,2.86,4.35,1.01,0.15592347599711576,"RPL22L1, RPL29, RPL7A, RPS27L, UPF3A",0.5844981466752572
ROS And RNS Production In Phagocytes R-HSA-1222556,Reactome,2,36,3.34,1.38,1.0,0.1580458031731563,"ATP6V1G3, NCF2",0.5844981466752572
FLT3 Signaling In Disease R-HSA-9682385,Reactome,2,23,5.23,3.4,0.99,0.16130334333506202,"PTPN11, STAT5B",0.5844981466752572
Inactivation Of CSF3 (G-CSF) Signaling R-HSA-9705462,Reactome,2,23,5.23,3.48,0.98,0.16422626690903325,"STAT3, STAT5B",0.5844981466752572
SRP-dependent Cotranslational Protein Targeting To Membrane R-HSA-1799339,Reactome,5,103,2.92,4.87,0.98,0.16434997023211784,"RPL22L1, RPL29, RPL7A, RPS27L, SEC61A2",0.5844981466752572
MAPK1/MAPK3 Signaling R-HSA-5684996,Reactome,8,267,1.8,2.32,0.97,0.16585285115620935,"BTC, DUSP12, PPP2R5A, PSMA6, PSMC1, PTPN11, RASGRF1, SPTAN1",0.5844981466752572
Nuclear Envelope (NE) Reassembly R-HSA-2995410,Reactome,3,71,2.54,1.61,0.97,0.1663516741016245,"CHMP4C, TUBA1B, TUBA1C",0.5844981466752572
Arrhythmogenic right ventricular cardiomyopathy,KEGG,3,73,2.47,1.52,0.96,0.16955213934742186,"CACNA2D3, DSC2, SGCG",0.5844981466752572
COPI-mediated Anterograde Transport R-HSA-6807878,Reactome,3,73,2.47,1.55,0.95,0.1717539693591778,"CAPZB, RAB1A, SPTAN1",0.5844981466752572
Assembly Of Pre-Replicative Complex R-HSA-68867,Reactome,4,106,2.27,1.96,0.95,0.1719485897512565,"H2BC5, KPNA1, PSMA6, PSMC1",0.5844981466752572
Fc epsilon RI signaling pathway,KEGG,3,63,2.86,2.32,0.94,0.17303512613965832,"IL4, INPP5D, PRKCA",0.5844981466752572
Negative Regulation Of MAPK Pathway R-HSA-5675221,Reactome,2,38,3.17,1.38,0.94,0.17358828889351874,"DUSP12, PPP2R5A",0.5844981466752572
G1/S DNA Damage Checkpoints R-HSA-69615,Reactome,3,64,2.82,2.31,0.93,0.17731971734721658,"CDC25A, PSMA6, PSMC1",0.5844981466752572
RAC2 GTPase Cycle R-HSA-9013404,Reactome,3,78,2.31,1.37,0.91,0.1806983777694633,"ABI2, LMAN1, NCF2",0.5844981466752572
Diseases Of Programmed Cell Death R-HSA-9645723,Reactome,3,68,2.65,2.03,0.91,0.18078721873689885,"CAPN1, CDC25A, H2BC5",0.5844981466752572
Signaling By Rho GTPases R-HSA-194315,Reactome,17,588,1.74,5.89,0.91,0.1810091148346321,"ABI2, ANKFY1, ANLN, ARHGAP20, CAPZB, FNBP1, H2BC5, ITSN2, LMAN1, NCF2, PPP2R5A, PRKCA, RHOD, RHOF, SCAI, SPTAN1, TUBA1B",0.5844981466752572
Transmission Across Chemical Synapses R-HSA-112315,Reactome,8,240,2.0,3.88,0.91,0.18242044067598423,"APBA1, CACNA2D3, GABRB2, KCNJ6, PRKCA, RAB3A, RASGRF1, SH2D3C",0.5844981466752572
Integration Of Energy Metabolism R-HSA-163685,Reactome,4,101,2.38,2.48,0.9,0.18313380565766962,"CHRM3, GNA14, ITPR1, PRKCA",0.5844981466752572
Inositol phosphate metabolism,KEGG,3,73,2.47,1.72,0.9,0.1838118889680584,"INPP5A, INPP5D, ITPK1",0.5844981466752572
Signaling By FGFR1 In Disease R-HSA-5655302,Reactome,2,35,3.44,1.84,0.9,0.18494025260105829,"STAT3, STAT5B",0.5844981466752572
Non-small cell lung cancer,KEGG,3,72,2.51,1.81,0.89,0.18563019225254807,"PRKCA, STAT3, STAT5B",0.5844981466752572
MAPK Family Signaling Cascades R-HSA-5683057,Reactome,9,305,1.77,3.05,0.89,0.18718194369174984,"BTC, DUSP12, PPP2R5A, PRKCA, PSMA6, PSMC1, PTPN11, RASGRF1, SPTAN1",0.5844981466752572
Activation Of NMDA Receptors And Postsynaptic Events R-HSA-442755,Reactome,3,73,2.47,1.77,0.89,0.18782587804180978,"APBA1, PRKCA, RASGRF1",0.5844981466752572
Eukaryotic Translation Termination R-HSA-72764,Reactome,4,85,2.83,4.04,0.88,0.1886660115454427,"RPL22L1, RPL29, RPL7A, RPS27L",0.5844981466752572
Coronavirus disease,KEGG,6,208,1.73,1.61,0.88,0.1900578534266139,"PRKCA, RPL22L1, RPL29, RPL7A, RPS27L, STAT3",0.5844981466752572
FCGR3A-mediated IL10 Synthesis R-HSA-9664323,Reactome,2,34,3.54,2.05,0.88,0.19034445957341561,"ITPR1, PRKCA",0.5844981466752572
Shigellosis,KEGG,7,233,1.81,2.39,0.88,0.19039288269656768,"CAPN1, ELMO1, FNBP1, HK2, ITPR1, TIFA, TNIP1",0.5844981466752572
Taste transduction,KEGG,4,80,3.01,4.72,0.88,0.19065561033803408,"CHRM3, HTR1B, TAS2R20, TAS2R46",0.5844981466752572
RET Signaling R-HSA-8853659,Reactome,2,39,3.08,1.52,0.87,0.19327910354390893,"PRKCA, PTPN11",0.5844981466752572
Cyclin E Associated Events During G1/S Transition R-HSA-69202,Reactome,3,79,2.28,1.47,0.86,0.19392236788214934,"CDC25A, PSMA6, PSMC1",0.5844981466752572
Selenocysteine Synthesis R-HSA-2408557,Reactome,4,85,2.83,4.23,0.86,0.1939644953318791,"RPL22L1, RPL29, RPL7A, RPS27L",0.5844981466752572
Cellular Response To Chemical Stress R-HSA-9711123,Reactome,6,176,2.05,3.17,0.86,0.19585191750618242,"NCF2, NCOR1, PCDHB16, PSMA6, PSMC1, STAT3",0.5844981466752572
Pathways of neurodegeneration,KEGG,11,402,1.65,3.11,0.86,0.19623326332415875,"CAPN1, CHRM3, COX7A2, ITPR1, PRKCA, PSMA6, PSMC1, RAB1A, RAB8A, TUBA1B, TUBA1C",0.5844981466752572
mTORC1 Signaling,Hallmark,6,194,1.86,2.29,0.85,0.19777012036328517,"CDC25A, ENO1, HK2, IDI1, MTHFD2, RAB1A",0.5844981466752572
Metabolism Of Amino Acids And Derivatives R-HSA-71291,Reactome,10,354,1.7,3.22,0.85,0.19831341238853611,"ASPG, MTRR, PIPOX, PSMA6, PSMC1, RPL22L1, RPL29, RPL7A, RPS27L, SLC45A2",0.5844981466752572
M Phase R-HSA-68886,Reactome,10,357,1.68,3.14,0.84,0.1995805954823786,"CHMP4C, H2BC5, NME7, PPP2R5A, PRKCA, PSMA6, PSMC1, RAB1A, TUBA1B, TUBA1C",0.5844981466752572
Cellular Senescence R-HSA-2559583,Reactome,5,158,1.9,1.94,0.84,0.19996901745906637,"H1-3, H1-4, H1-5, H2BC5, STAT3",0.5844981466752572
Viral mRNA Translation R-HSA-192823,Reactome,4,84,2.86,4.58,0.84,0.20031276481707233,"RPL22L1, RPL29, RPL7A, RPS27L",0.5844981466752572
Vasopressin Regulates Renal Water Homeostasis Via Aquaporins R-HSA-432040,Reactome,2,40,3.01,1.52,0.84,0.20089977803128012,"PRKCA, RAB11A",0.5844981466752572
Ion Homeostasis R-HSA-5578775,Reactome,2,44,2.73,1.17,0.84,0.2010321800059356,"ITPR1, PRKCA",0.5844981466752572
DAG And IP3 Signaling R-HSA-1489509,Reactome,2,38,3.17,1.75,0.83,0.20199906158591685,"ITPR1, PRKCA",0.5844981466752572
"Signaling By Rho GTPases, Miro GTPases And RHOBTB3 R-HSA-9716542",Reactome,17,603,1.7,6.37,0.83,0.20220529458465658,"ABI2, ANKFY1, ANLN, ARHGAP20, CAPZB, FNBP1, H2BC5, ITSN2, LMAN1, NCF2, PPP2R5A, PRKCA, RHOD, RHOF, SCAI, SPTAN1, TUBA1B",0.5844981466752572
Peptide Chain Elongation R-HSA-156902,Reactome,4,81,2.97,5.1,0.83,0.20299824499381247,"RPL22L1, RPL29, RPL7A, RPS27L",0.5844981466752572
Glucagon-like Peptide-1 (GLP1) Regulates Insulin Secretion R-HSA-381676,Reactome,2,39,3.08,1.68,0.82,0.20501676975611288,"ITPR1, PRKCA",0.5844981466752572
Carboxyterminal Post-Translational Modifications Of Tubulin R-HSA-8955332,Reactome,2,39,3.08,1.7,0.82,0.20609499654486252,"TUBA1B, TUBA1C",0.5844981466752572
ABC Transporter Disorders R-HSA-5619084,Reactome,3,74,2.44,2.0,0.82,0.2067492428987971,"ABCC6, PSMA6, PSMC1",0.5844981466752572
Axon Guidance R-HSA-422475,Reactome,14,491,1.71,5.51,0.82,0.20727260285226656,"ABLIM3, CNTN6, DPYSL3, PRKCA, PSMA6, PSMC1, PTPN11, RPL22L1, RPL29, RPL7A, RPS27L, SEMA7A, SPTAN1, UPF3A",0.5844981466752572
Metabolism Of Water-Soluble Vitamins And Cofactors R-HSA-196849,Reactome,4,116,2.07,2.03,0.8,0.21062216214656293,"MTHFD1L, MTHFD2, MTRR, SLC25A19",0.5844981466752572
"Platelet Activation, Signaling And Aggregation R-HSA-76002",Reactome,7,236,1.78,2.73,0.8,0.21194154331021248,"DAGLA, DAGLB, GNA14, ITPR1, PDPN, PRKCA, PTPN11",0.5844981466752572
Cholinergic synapse,KEGG,4,111,2.17,2.38,0.8,0.2123151819486846,"CHRM3, ITPR1, KCNJ6, PRKCA",0.5844981466752572
Nonsense Mediated Decay (NMD) Independent Of Exon Junction Complex (EJC) R-HSA-975956,Reactome,4,87,2.77,4.84,0.78,0.2163158050641909,"RPL22L1, RPL29, RPL7A, RPS27L",0.5844981466752572
Formation Of A Pool Of Free 40S Subunits R-HSA-72689,Reactome,4,93,2.59,4.1,0.78,0.2163425487786601,"RPL22L1, RPL29, RPL7A, RPS27L",0.5844981466752572
G Alpha (I) Signaling Events R-HSA-418594,Reactome,9,300,1.8,4.17,0.78,0.21649522746519456,"CXCR1, GNA14, GPSM2, HTR1B, ITPR1, PMCH, PRKCA, TAS2R20, TAS2R46",0.5844981466752572
Clathrin-mediated Endocytosis R-HSA-8856828,Reactome,4,128,1.88,1.54,0.77,0.2213818607303285,"BTC, FNBP1, HIP1R, ITSN2",0.5844981466752572
Nuclear Events Mediated By NFE2L2 R-HSA-9759194,Reactome,3,75,2.41,2.19,0.77,0.22167480962590114,"PCDHB16, PSMA6, PSMC1",0.5844981466752572
Cyclin A:Cdk2-associated Events At S Phase Entry R-HSA-69656,Reactome,3,81,2.23,1.73,0.76,0.22219497037632835,"CDC25A, PSMA6, PSMC1",0.5844981466752572
Eukaryotic Translation Elongation R-HSA-156842,Reactome,4,85,2.83,5.39,0.76,0.22224004077589088,"RPL22L1, RPL29, RPL7A, RPS27L",0.5844981466752572
RAC3 GTPase Cycle R-HSA-9013423,Reactome,3,85,2.12,1.47,0.76,0.22300659493797242,"ABI2, LMAN1, NCF2",0.5844981466752572
Tight Junction Interactions R-HSA-420029,Reactome,2,30,4.01,3.56,0.76,0.22397728374596454,"CLDN22, F11R",0.5844981466752572
MicroRNAs in cancer,KEGG,5,152,1.98,2.77,0.76,0.22477188728166747,"CDC25A, PRKCA, RECK, SERPINB5, STAT3",0.5844981466752572
GTP Hydrolysis And Joining Of 60S Ribosomal Subunit R-HSA-72706,Reactome,4,104,2.31,3.29,0.75,0.22643709751669772,"RPL22L1, RPL29, RPL7A, RPS27L",0.5844981466752572
Axon guidance,KEGG,6,178,2.03,4.1,0.74,0.22983699224617238,"ABLIM3, PRKCA, PTPN11, RHOD, SEMA6B, SEMA7A",0.5844981466752572
Infectious Disease R-HSA-5663205,Reactome,22,854,1.55,7.41,0.74,0.22993805971349918,"ABI2, ANTXR1, CHMP4C, ELMO1, ENO1, GPC6, H2AC11, H2AC12, H2BC5, ITPR1, KPNA1, MYH2, NCOR1, PRKCA, PSMA6, PSMC1, PTPN11, RPL22L1, RPL29, RPL7A, RPS27L, SUGT1",0.5844981466752572
ErbB signaling pathway,KEGG,3,84,2.15,1.63,0.74,0.23011681141332474,"BTC, PRKCA, STAT5B",0.5844981466752572
Thyroid hormone synthesis,KEGG,3,73,2.47,2.56,0.74,0.23045561365573886,"ITPR1, PRKCA, TG",0.5844981466752572
Translocation Of SLC2A4 (GLUT4) To Plasma Membrane R-HSA-1445148,Reactome,2,44,2.73,1.52,0.74,0.2309229300958175,"RAB11A, RAB8A",0.5844981466752572
Viral myocarditis,KEGG,2,46,2.61,1.34,0.73,0.23208152001164012,"MYH7, SGCG",0.5844981466752572
Toll Like Receptor 4 (TLR4) Cascade R-HSA-166016,Reactome,4,135,1.78,1.35,0.73,0.23228482819019047,"DUSP3, MEF2A, PTPN11, TIFA",0.5844981466752572
L13a-mediated Translational Silencing Of Ceruloplasmin Expression R-HSA-156827,Reactome,4,103,2.34,3.59,0.73,0.2330058304812666,"RPL22L1, RPL29, RPL7A, RPS27L",0.5844981466752572
Nervous System Development R-HSA-9675108,Reactome,14,512,1.64,5.8,0.73,0.2332674576057867,"ABLIM3, CNTN6, DPYSL3, PRKCA, PSMA6, PSMC1, PTPN11, RPL22L1, RPL29, RPL7A, RPS27L, SEMA7A, SPTAN1, UPF3A",0.5844981466752572
Degradation Of Beta-Catenin By Destruction Complex R-HSA-195253,Reactome,3,81,2.23,1.92,0.73,0.23415705545518734,"PPP2R5A, PSMA6, PSMC1",0.5844981466752572
Platelet Homeostasis R-HSA-418346,Reactome,3,81,2.23,1.94,0.72,0.23516400061784037,"ITPR1, PPP2R5A, PTPN11",0.5844981466752572
Response Of EIF2AK4 (GCN2) To Amino Acid Deficiency R-HSA-9633012,Reactome,4,93,2.59,4.88,0.72,0.23593638387786242,"RPL22L1, RPL29, RPL7A, RPS27L",0.5844981466752572
C-type Lectin Receptors (CLRs) R-HSA-5621481,Reactome,4,122,1.97,2.12,0.72,0.2365039333567845,"ITPR1, PRKCA, PSMA6, PSMC1",0.5844981466752572
PCP/CE Pathway R-HSA-4086400,Reactome,3,80,2.26,2.06,0.72,0.2373018708836127,"PRKCA, PSMA6, PSMC1",0.5844981466752572
RMTs Methylate Histone Arginines R-HSA-3214858,Reactome,2,47,2.56,1.33,0.71,0.23795198534520262,"H2AC11, H2AC12",0.5844981466752572
Mineral absorption,KEGG,2,49,2.45,1.16,0.71,0.238415241672368,"SLC26A9, TRPV6",0.5844981466752572
Membrane Trafficking R-HSA-199991,Reactome,15,546,1.65,6.95,0.7,0.2416790817496311,"BTC, CAPZB, CHMP4C, FNBP1, HIP1R, ITSN2, LMAN1, RAB11A, RAB1A, RAB3A, RAB3GAP2, RAB8A, RABEPK, SPTAN1, TBC1D13",0.5844981466752572
Chromatin Modifying Enzymes R-HSA-3247509,Reactome,7,223,1.89,4.46,0.7,0.24285989827234955,"H2AC11, H2AC12, H2BC5, KDM5D, NCOR1, PRDM16, SUV39H2",0.5844981466752572
Assembly Of ORC Complex At Origin Of Replication R-HSA-68616,Reactome,2,36,3.34,2.87,0.69,0.24379596647101925,"H2BC5, KPNA1",0.5844981466752572
PKMTs Methylate Histone Lysines R-HSA-3214841,Reactome,2,42,2.86,1.95,0.69,0.2439294044986205,"PRDM16, SUV39H2",0.5844981466752572
RAF/MAP Kinase Cascade R-HSA-5673001,Reactome,7,261,1.61,2.32,0.69,0.2441540740757736,"BTC, DUSP12, PPP2R5A, PSMA6, PSMC1, RASGRF1, SPTAN1",0.5844981466752572
Cap-dependent Translation Initiation R-HSA-72737,Reactome,4,111,2.17,3.18,0.69,0.24476182909691374,"RPL22L1, RPL29, RPL7A, RPS27L",0.5844981466752572
Regulation Of mRNA Stability By Proteins That Bind AU-rich Elements R-HSA-450531,Reactome,3,80,2.26,2.21,0.69,0.2451604731081546,"PRKCA, PSMA6, PSMC1",0.5844981466752572
MyD88 Cascade Initiated On Plasma Membrane R-HSA-975871,Reactome,3,92,1.96,1.33,0.69,0.2453829988331519,"DUSP3, MEF2A, TIFA",0.5844981466752572
Opioid Signaling R-HSA-111885,Reactome,3,86,2.1,1.73,0.69,0.24557687226470915,"GNA14, ITPR1, PRKCA",0.5844981466752572
Sensory Processing Of Sound By Outer Hair Cells Of Cochlea R-HSA-9662361,Reactome,2,48,2.51,1.33,0.69,0.24573228224884003,"EPS8, SPTAN1",0.5844981466752572
Cardiac muscle contraction,KEGG,3,77,2.34,2.52,0.69,0.24629412644234,"CACNA2D3, COX7A2, MYH7",0.5844981466752572
Tight junction,KEGG,5,162,1.86,2.65,0.69,0.2464234532506802,"CLDN22, F11R, RAB8A, TUBA1B, TUBA1C",0.5844981466752572
DNA Replication Pre-Initiation R-HSA-69002,Reactome,4,123,1.96,2.28,0.68,0.2473752593253492,"H2BC5, KPNA1, PSMA6, PSMC1",0.5844981466752572
Prion disease,KEGG,7,244,1.73,3.27,0.68,0.2478018811818457,"COX7A2, ITPR1, NCF2, PSMA6, PSMC1, TUBA1B, TUBA1C",0.5844981466752572
Ribosome,KEGG,5,127,2.37,5.97,0.68,0.24797267659520844,"MRPS14, RPL22L1, RPL29, RPL7A, RPS27L",0.5844981466752572
Selenoamino Acid Metabolism R-HSA-2408522,Reactome,4,108,2.23,3.65,0.67,0.2504006577737221,"RPL22L1, RPL29, RPL7A, RPS27L",0.5844981466752572
RHO GTPase Effectors R-HSA-195258,Reactome,7,241,1.75,3.54,0.67,0.2506560447055395,"ABI2, H2BC5, NCF2, PPP2R5A, PRKCA, RHOD, SCAI",0.5844981466752572
Interleukin-12 Family Signaling R-HSA-447115,Reactome,2,51,2.36,1.15,0.67,0.25234221243982785,"HNRNPF, STAT3",0.5844981466752572
G2/M Checkpoints R-HSA-69481,Reactome,4,134,1.8,1.68,0.67,0.2525254275291516,"CDC25A, H2BC5, PSMA6, PSMC1",0.5844981466752572
ER-Phagosome Pathway R-HSA-1236974,Reactome,3,79,2.28,2.48,0.66,0.253304388254989,"PSMA6, PSMC1, SEC61A2",0.5844981466752572
Amine Ligand-Binding Receptors R-HSA-375280,Reactome,2,40,3.01,2.45,0.66,0.25437213560984784,"CHRM3, HTR1B",0.5844981466752572
Host Interactions Of HIV Factors R-HSA-162909,Reactome,4,124,1.94,2.36,0.66,0.25457888420617186,"ELMO1, KPNA1, PSMA6, PSMC1",0.5844981466752572
Dopaminergic synapse,KEGG,4,128,1.88,2.09,0.66,0.2550102023419385,"ITPR1, KCNJ6, PPP2R5A, PRKCA",0.5844981466752572
Post-translational Modification: Synthesis Of GPI-anchored Proteins R-HSA-163125,Reactome,3,83,2.17,2.15,0.66,0.2552798122709543,"OTOA, PIGX, RECK",0.5844981466752572
Circadian entrainment,KEGG,3,92,1.96,1.46,0.66,0.2556211018552589,"ITPR1, KCNJ6, PRKCA",0.5844981466752572
Cargo Trafficking To Periciliary Membrane R-HSA-5620920,Reactome,2,49,2.45,1.41,0.64,0.25953948325202414,"RAB11A, RAB8A",0.5844981466752572
Myc Targets V2,Hallmark,2,54,2.23,1.0,0.64,0.2604736253899855,"HK2, RABEPK",0.5844981466752572
Netrin-1 Signaling R-HSA-373752,Reactome,2,47,2.56,1.66,0.64,0.26192739336199994,"ABLIM3, PTPN11",0.5844981466752572
GABAergic synapse,KEGG,3,87,2.07,1.94,0.64,0.2623021364697549,"GABRB2, KCNJ6, PRKCA",0.5844981466752572
Hypertrophic cardiomyopathy,KEGG,3,85,2.12,2.11,0.64,0.26243140537704246,"CACNA2D3, MYH7, SGCG",0.5844981466752572
TRAF6 Mediated Induction Of NFkB And MAP Kinases Upon TLR7/8 Or 9 Activation R-HSA-975138,Reactome,3,96,1.88,1.33,0.63,0.2648636115278745,"DUSP3, MEF2A, TIFA",0.5844981466752572
Downstream TCR Signaling R-HSA-202424,Reactome,3,88,2.05,1.91,0.63,0.2653916008780143,"INPP5D, PSMA6, PSMC1",0.5844981466752572
Beta-catenin Independent WNT Signaling R-HSA-3858494,Reactome,4,133,1.81,1.96,0.63,0.2654435965159836,"ITPR1, PRKCA, PSMA6, PSMC1",0.5844981466752572
Cell-Cell Communication R-HSA-1500931,Reactome,4,114,2.11,3.55,0.63,0.26562812097546384,"CLDN22, F11R, PTPN11, SPTAN1",0.5844981466752572
Vesicle-mediated Transport R-HSA-5653656,Reactome,15,582,1.55,6.55,0.62,0.2665842058012968,"BTC, CAPZB, CHMP4C, FNBP1, HIP1R, ITSN2, LMAN1, RAB11A, RAB1A, RAB3A, RAB3GAP2, RAB8A, RABEPK, SPTAN1, TBC1D13",0.5844981466752572
Cellular Response To Starvation R-HSA-9711097,Reactome,5,145,2.07,4.83,0.62,0.267493302865477,"ATP6V1G3, RPL22L1, RPL29, RPL7A, RPS27L",0.5844981466752572
Cytoprotection By HMOX1 R-HSA-9707564,Reactome,2,55,2.19,1.0,0.62,0.26812961719790923,"NCOR1, STAT3",0.5844981466752572
mRNA surveillance pathway,KEGG,3,92,1.96,1.65,0.62,0.26844290029898227,"GLE1, PPP2R5A, UPF3A",0.5844981466752572
Insulin secretion,KEGG,3,82,2.2,2.56,0.62,0.2691113194958099,"CHRM3, PRKCA, RAB3A",0.5844981466752572
MyD88 Dependent Cascade Initiated On Endosome R-HSA-975155,Reactome,3,97,1.86,1.33,0.61,0.26970925014376057,"DUSP3, MEF2A, TIFA",0.5844981466752572
Alzheimer disease,KEGG,8,319,1.51,2.52,0.61,0.27020770037739034,"CAPN1, CHRM3, COX7A2, ITPR1, PSMA6, PSMC1, TUBA1B, TUBA1C",0.5844981466752572
Signaling By ERBB2 R-HSA-1227986,Reactome,2,45,2.67,2.07,0.61,0.2708431037521962,"BTC, PRKCA",0.5844981466752572
Class C/3 (Metabotropic Glutamate/Pheromone Receptors) R-HSA-420499,Reactome,2,37,3.25,3.48,0.61,0.2708848243482541,"TAS2R20, TAS2R46",0.5844981466752572
Regulation Of Activated PAK-2p34 By Proteasome Mediated Degradation R-HSA-211733,Reactome,2,47,2.56,1.82,0.61,0.27129519084551734,"PSMA6, PSMC1",0.5844981466752572
Mitotic Anaphase R-HSA-68882,Reactome,6,216,1.67,2.84,0.61,0.2719237981488964,"CHMP4C, PPP2R5A, PSMA6, PSMC1, TUBA1B, TUBA1C",0.5844981466752572
Parkinson disease,KEGG,6,221,1.63,2.59,0.6,0.2738144892523655,"COX7A2, ITPR1, PSMA6, PSMC1, TUBA1B, TUBA1C",0.5844981466752572
Mitotic Metaphase And Anaphase R-HSA-2555396,Reactome,6,217,1.66,2.83,0.6,0.27389429360218887,"CHMP4C, PPP2R5A, PSMA6, PSMC1, TUBA1B, TUBA1C",0.5844981466752572
Toll Like Receptor 7/8 (TLR7/8) Cascade R-HSA-168181,Reactome,3,98,1.84,1.33,0.6,0.27454336269260265,"DUSP3, MEF2A, TIFA",0.5844981466752572
Pyrimidine metabolism,KEGG,2,54,2.23,1.17,0.59,0.2761366274364817,"NME7, UCK2",0.5844981466752572
ER To Golgi Anterograde Transport R-HSA-199977,Reactome,4,124,1.94,2.92,0.59,0.276342271913656,"CAPZB, LMAN1, RAB1A, SPTAN1",0.5844981466752572
Pperoxisome,Hallmark,3,101,1.79,1.17,0.59,0.27677627603284816,"IDI1, MSH2, SLC25A19",0.5844981466752572
Cross-presentation Of Soluble Exogenous Antigens (Endosomes) R-HSA-1236978,Reactome,2,48,2.51,1.81,0.59,0.27792364629747124,"PSMA6, PSMC1",0.5844981466752572
Regulation Of Ornithine Decarboxylase (ODC) R-HSA-350562,Reactome,2,48,2.51,1.81,0.59,0.27792364629747124,"PSMA6, PSMC1",0.5844981466752572
Innate Immune System R-HSA-168249,Reactome,21,918,1.38,5.66,0.59,0.27879847437254046,"ABI2, ATP6V1G3, CAPN1, CPPED1, CXCR1, DUSP3, ELMO1, ITPR1, MEF2A, MYH2, NCF2, OLFM4, PRKCA, PSMA6, PSMC1, PTPN11, RAB3A, RHOF, SPTAN1, SUGT1, TIFA",0.5844981466752572
Toll Like Receptor 3 (TLR3) Cascade R-HSA-168164,Reactome,3,99,1.82,1.33,0.58,0.27936515687554775,"DUSP3, MEF2A, TIFA",0.5844981466752572
Signaling By EGFR R-HSA-177929,Reactome,2,47,2.56,1.97,0.58,0.2794445883894391,"BTC, PTPN11",0.5844981466752572
"Growth hormone synthesis, secretion and action",KEGG,4,118,2.04,3.64,0.58,0.2801270500000787,"ITPR1, PRKCA, STAT3, STAT5B",0.5844981466752572
Developmental Biology R-HSA-1266738,Reactome,22,919,1.44,8.11,0.58,0.2805502303972158,"ABLIM3, CAPN1, CNTN6, DPYSL3, H2BC5, KRT18, KRT38, LEFTY1, MEF2A, NCOR1, PRKCA, PSMA6, PSMC1, PTPN11, RPL22L1, RPL29, RPL7A, RPS27L, SEMA7A, SPTAN1, STAT3, UPF3A",0.5844981466752572
AGE-RAGE signaling pathway in diabetic complications,KEGG,3,95,1.9,1.66,0.58,0.2824852729404007,"PRKCA, STAT3, STAT5B",0.5844981466752572
Dilated cardiomyopathy,KEGG,3,88,2.05,2.28,0.57,0.2827869172678512,"CACNA2D3, MYH7, SGCG",0.5844981466752572
KRAS Signaling Dn,Hallmark,5,184,1.63,2.12,0.57,0.2828803031106646,"EFHD1, HTR1B, IGFBP2, MYH7, TG",0.5844981466752572
Protein Secretion,Hallmark,3,87,2.07,2.4,0.57,0.2837244813826777,"ERGIC3, KRT18, LMAN1",0.5844981466752572
Autodegradation Of E3 Ubiquitin Ligase COP1 R-HSA-349425,Reactome,2,49,2.45,1.81,0.57,0.28461461200809746,"PSMA6, PSMC1",0.5844981466752572
Aquaporin-mediated Transport R-HSA-445717,Reactome,2,48,2.51,1.95,0.57,0.28504451014275645,"PRKCA, RAB11A",0.5844981466752572
Toll Like Receptor 9 (TLR9) Cascade R-HSA-168138,Reactome,3,101,1.79,1.33,0.56,0.28896880252399315,"DUSP3, MEF2A, TIFA",0.5844981466752572
RUNX1 Regulates Transcription Of Genes Involved In Differentiation Of HSCs R-HSA-8939236,Reactome,3,92,1.96,2.04,0.56,0.2891702761285331,"H2BC5, PSMA6, PSMC1",0.5844981466752572
Spinocerebellar ataxia,KEGG,4,132,1.82,2.58,0.56,0.28925222537077455,"ITPR1, PRKCA, PSMA6, PSMC1",0.5844981466752572
Influenza Infection R-HSA-168255,Reactome,5,148,2.03,5.69,0.55,0.2903785576982183,"KPNA1, RPL22L1, RPL29, RPL7A, RPS27L",0.5844981466752572
Anchoring Of Basal Body To Plasma Membrane R-HSA-5620912,Reactome,3,91,1.98,2.17,0.55,0.29097587121136764,"PRKCA, RAB11A, RAB8A",0.5844981466752572
Amyotrophic lateral sclerosis,KEGG,8,318,1.51,3.17,0.55,0.29100927466326826,"COX7A2, GLE1, PSMA6, PSMC1, RAB1A, RAB8A, TUBA1B, TUBA1C",0.5844981466752572
Negative Regulation Of NOTCH4 Signaling R-HSA-9604323,Reactome,2,50,2.41,1.81,0.55,0.2912242655484019,"PSMA6, PSMC1",0.5844981466752572
Extracellular Matrix Organization R-HSA-1474244,Reactome,7,273,1.54,2.92,0.55,0.2917121389762135,"ADAM15, CAPN1, COL22A1, COLGALT2, F11R, MFAP5, PRKCA",0.5844981466752572
MAPK6/MAPK4 Signaling R-HSA-5687128,Reactome,3,85,2.12,2.86,0.55,0.2925043803639168,"PRKCA, PSMA6, PSMC1",0.5844981466752572
Vpu Mediated Degradation Of CD4 R-HSA-180534,Reactome,2,49,2.45,2.02,0.54,0.2945692827327423,"PSMA6, PSMC1",0.5844981466752572
Proteasome,KEGG,2,46,2.61,2.49,0.54,0.2954159034728323,"PSMA6, PSMC1",0.5844981466752572
Signaling By Hedgehog R-HSA-5358351,Reactome,4,128,1.88,3.15,0.54,0.29574363995114694,"PRKCA, PSMA6, PSMC1, TULP3",0.5844981466752572
Legionellosis,KEGG,2,51,2.36,1.78,0.54,0.2957594062416492,"BCL2L13, RAB1A",0.5844981466752572
GSK3B And BTRC:CUL1-mediated-degradation Of NFE2L2 R-HSA-9762114,Reactome,2,49,2.45,2.05,0.54,0.2961623761586214,"PSMA6, PSMC1",0.5844981466752572
Apoptosis,KEGG,5,161,1.87,4.47,0.53,0.29657214616316835,"CAPN1, ITPR1, SPTAN1, TUBA1B, TUBA1C",0.5844981466752572
Signaling By NTRKs R-HSA-166520,Reactome,4,129,1.86,3.08,0.53,0.29676597225529655,"DUSP3, MEF2A, PTPN11, STAT3",0.5844981466752572
Vif-mediated Degradation Of APOBEC3G R-HSA-180585,Reactome,2,50,2.41,1.95,0.53,0.2979875493395549,"PSMA6, PSMC1",0.5844981466752572
MAP Kinase Activation R-HSA-450294,Reactome,2,59,2.04,1.0,0.53,0.29827138681399,"DUSP3, MEF2A",0.5844981466752572
Hemostasis R-HSA-109582,Reactome,12,517,1.4,3.72,0.53,0.29925243936520934,"CAPZB, DAGLA, DAGLB, F11R, GNA14, INPP5D, ITPK1, ITPR1, PDPN, PPP2R5A, PRKCA, PTPN11",0.5844981466752572
Interferon Alpha/Beta Signaling R-HSA-909733,Reactome,2,50,2.41,2.0,0.52,0.30008337716315925,"KPNA1, PTPN11",0.5844981466752572
"Cell Cycle, Mitotic R-HSA-69278",Reactome,12,499,1.45,4.75,0.52,0.3005018286790246,"CDC25A, CHMP4C, H2BC5, NME7, PPP2R5A, PRKCA, PSMA6, PSMC1, RAB1A, RAB8A, TUBA1B, TUBA1C",0.5844981466752572
Cytokine Signaling In Immune System R-HSA-1280215,Reactome,14,650,1.3,2.63,0.52,0.3014076027691622,"DUSP3, HNRNPF, IL4, INPP5D, KPNA1, MEF2A, PRKCA, PSMA6, PSMC1, PTPN11, SLA2, STAT3, STAT5B, TIFA",0.5844981466752572
Regulation Of Apoptosis R-HSA-169911,Reactome,2,50,2.41,2.06,0.52,0.30310694859404563,"PSMA6, PSMC1",0.5844981466752572
Degradation Of AXIN R-HSA-4641257,Reactome,2,52,2.31,1.81,0.51,0.30420199961532834,"PSMA6, PSMC1",0.5844981466752572
Regulation Of RUNX3 Expression And Activity R-HSA-8941858,Reactome,2,52,2.31,1.81,0.51,0.30420199961532834,"PSMA6, PSMC1",0.5844981466752572
FBXL7 Down-Regulates AURKA During Mitotic Entry And In Early Mitosis R-HSA-8854050,Reactome,2,52,2.31,1.84,0.51,0.3052362725348042,"PSMA6, PSMC1",0.5844981466752572
Ca2+ Pathway R-HSA-4086398,Reactome,2,58,2.07,1.17,0.51,0.3053904207998682,"ITPR1, PRKCA",0.5844981466752572
Long-term depression,KEGG,2,58,2.07,1.17,0.51,0.3053904207998682,"ITPR1, PRKCA",0.5844981466752572
AUF1 (hnRNP D0) Binds And Destabilizes mRNA R-HSA-450408,Reactome,2,52,2.31,1.84,0.51,0.3054322553999108,"PSMA6, PSMC1",0.5844981466752572
Ubiquitin-dependent Degradation Of Cyclin D R-HSA-75815,Reactome,2,49,2.45,2.3,0.51,0.30639309974331763,"PSMA6, PSMC1",0.5844981466752572
Inflammatory mediator regulation of TRP channels,KEGG,3,96,1.88,2.04,0.51,0.3064061070586742,"ITPR1, PRKCA, TRPV3",0.5844981466752572
Transcriptional Regulation By MECP2 R-HSA-8986944,Reactome,2,60,2.0,1.03,0.5,0.3081024302725557,"NCOR1, PRKCA",0.5844981466752572
"PI5P, PP2A And IER3 Regulate PI3K/AKT Signaling R-HSA-6811558",Reactome,3,105,1.72,1.33,0.5,0.3085554992825892,"BTC, PPP2R5A, PTPN11",0.5844981466752572
Hh Mutants Are Degraded By ERAD R-HSA-5362768,Reactome,2,52,2.31,1.91,0.5,0.3085938280027164,"PSMA6, PSMC1",0.5844981466752572
Neutrophil extracellular trap formation,KEGG,5,173,1.74,3.78,0.5,0.3088160223795905,"H2AC11, H2AC12, H2BC5, NCF2, PRKCA",0.5844981466752572
Mitotic Spindle,Hallmark,5,186,1.62,2.66,0.5,0.3094128261299484,"ANLN, CAPZB, PALLD, RHOF, SPTAN1",0.5844981466752572
Th17 cell differentiation,KEGG,3,102,1.77,1.59,0.5,0.31001401063208855,"IL4, STAT3, STAT5B",0.5844981466752572
Neurotransmitter Receptors And Postsynaptic Signal Transmission R-HSA-112314,Reactome,5,178,1.69,3.4,0.49,0.3112468257902172,"APBA1, GABRB2, KCNJ6, PRKCA, RASGRF1",0.5844981466752572
Toll-like Receptor Cascades R-HSA-168898,Reactome,4,156,1.54,1.35,0.49,0.3115620997369088,"DUSP3, MEF2A, PTPN11, TIFA",0.5844981466752572
Leishmania Infection R-HSA-9658195,Reactome,6,224,1.61,3.63,0.49,0.31195145750620235,"ABI2, ELMO1, ITPR1, MYH2, PRKCA, SUGT1",0.5844981466752572
Morphine addiction,KEGG,3,89,2.03,3.01,0.49,0.31252131725759635,"GABRB2, KCNJ6, PRKCA",0.5844981466752572
Endocrine and other factor-regulated calcium reabsorption,KEGG,2,51,2.36,2.16,0.49,0.3130878449070341,"PRKCA, RAB11A",0.5844981466752572
CLEC7A (Dectin-1) Signaling R-HSA-5607764,Reactome,3,97,1.86,2.12,0.48,0.31385810772828415,"ITPR1, PSMA6, PSMC1",0.5844981466752572
Recruitment And ATM-mediated Phosphorylation Of Repair And Signal Proteins At DNA Double Strand Breaks R-HSA-5693565,Reactome,2,55,2.19,1.66,0.48,0.3154718236032764,"EYA1, H2BC5",0.5844981466752572
Neurexins And Neuroligins R-HSA-6794361,Reactome,2,57,2.11,1.43,0.48,0.3159741728503446,"APBA1, HOMER1",0.5844981466752572
SCF-beta-TrCP Mediated Degradation Of Emi1 R-HSA-174113,Reactome,2,52,2.31,2.09,0.48,0.3165998763647646,"PSMA6, PSMC1",0.5844981466752572
Stabilization Of P53 R-HSA-69541,Reactome,2,54,2.23,1.81,0.48,0.3168623779785646,"PSMA6, PSMC1",0.5844981466752572
Calcium signaling pathway,KEGG,6,226,1.6,3.72,0.47,0.3180184477084478,"CHRM3, FLT1, GNA14, ITPR1, MYLK3, PRKCA",0.5844981466752572
JAK-STAT signaling pathway,KEGG,4,148,1.63,2.04,0.47,0.31930316727976027,"IL4, PTPN11, STAT3, STAT5B",0.5844981466752572
MyD88:MAL(TIRAP) Cascade Initiated On Plasma Membrane R-HSA-166058,Reactome,3,108,1.67,1.33,0.46,0.3220933563442403,"DUSP3, MEF2A, TIFA",0.5844981466752572
Pathogenic Escherichia coli infection,KEGG,5,187,1.61,3.0,0.46,0.3221528831543663,"CLDN22, PTPN11, RAB1A, TUBA1B, TUBA1C",0.5844981466752572
"Sensory Perception Of Sweet, Bitter, And Umami (Glutamate) Taste R-HSA-9717207",Reactome,2,39,3.08,5.37,0.46,0.3224658923940539,"TAS2R20, TAS2R46",0.5844981466752572
E2F Targets,Hallmark,5,192,1.57,2.71,0.45,0.32595079822737233,"CDC25A, MELK, MSH2, MTHFD2, STAG1",0.5844981466752572
Metabolism Of Polyamines R-HSA-351202,Reactome,2,56,2.15,1.81,0.44,0.3292119513919147,"PSMA6, PSMC1",0.5844981466752572
cGMP-PKG signaling pathway,KEGG,4,161,1.49,1.33,0.44,0.32937562865376113,"ITPR1, MEF2A, MYH7, MYLK3",0.5844981466752572
NIK To Noncanonical NF-kB Signaling R-HSA-5676590,Reactome,2,56,2.15,1.82,0.44,0.32953998466382983,"PSMA6, PSMC1",0.5844981466752572
Signal Transduction R-HSA-162582,Reactome,48,2304,1.25,13.64,0.44,0.32979008241627394,"ABI2, ANKFY1, ANLN, ARHGAP20, ATP6V1G3, BTC, CAPZB, CHRM3, CXCR1, DAGLA, DAGLB, DUSP12, DUSP3, EEF2K, ELMO1, F11R, FLT1, FNBP1, GABRB2, GNA14, GPSM2, H2BC5, HNRNPF, HTR1B, ITPR1, ITSN2, LMAN1, MEF2A, NCF2, NCOR1, PMCH, PPP2R5A, PRKCA, PSMA6, PSMC1, PTPN11, RASGRF1, RHOD, RHOF, SCAI, SPTAN1, STAT3, STAT5B, TAS2R20, TAS2R46, TFF1, TUBA1B, TULP3",0.5844981466752572
DNA Double Strand Break Response R-HSA-5693606,Reactome,2,56,2.15,1.83,0.44,0.32992788725768096,"EYA1, H2BC5",0.5844981466752572
ABC-family Proteins Mediated Transport R-HSA-382556,Reactome,3,99,1.82,2.37,0.44,0.3308158059139085,"ABCC6, PSMA6, PSMC1",0.5844981466752572
Cellular Responses To Stress R-HSA-2262752,Reactome,16,689,1.4,7.98,0.44,0.33123115653735824,"ATP6V1G3, CAPZB, H1-3, H1-4, H1-5, H2BC5, NCF2, NCOR1, PCDHB16, PSMA6, PSMC1, RPL22L1, RPL29, RPL7A, RPS27L, STAT3",0.5844981466752572
Translation R-HSA-72766,Reactome,7,269,1.56,5.0,0.44,0.3313705469962172,"FARSB, MRPS14, RPL22L1, RPL29, RPL7A, RPS27L, SEC61A2",0.5844981466752572
Nuclear Receptor Transcription Pathway R-HSA-383280,Reactome,2,52,2.31,2.53,0.43,0.3321318473782475,"NCOR1, NR1D2",0.5844981466752572
Cellular Responses To Stimuli R-HSA-8953897,Reactome,16,693,1.39,8.08,0.43,0.3351902737277847,"ATP6V1G3, CAPZB, H1-3, H1-4, H1-5, H2BC5, NCF2, NCOR1, PCDHB16, PSMA6, PSMC1, RPL22L1, RPL29, RPL7A, RPS27L, STAT3",0.5844981466752572
Mitochondrial Protein Import R-HSA-1268020,Reactome,2,62,1.94,1.23,0.42,0.33695113472480426,"BCS1L, FXN",0.5844981466752572
Immune System R-HSA-168256,Reactome,35,1760,1.2,6.13,0.42,0.33741062129301447,"ABI2, ASB2, ATP6V1G3, CAPN1, CAPZB, CD300LF, CPPED1, CXCR1, DUSP3, ELMO1, FBXO9, HNRNPF, IL4, INPP5D, ITPR1, KPNA1, LRSAM1, MEF2A, MYH2, NCF2, OLFM4, PPP2R5A, PRKCA, PSMA6, PSMC1, PTPN11, RAB3A, RHOF, SEC61A2, SLA2, SPTAN1, STAT3, STAT5B, SUGT1, TIFA",0.5844981466752572
Degradation Of DVL R-HSA-4641258,Reactome,2,53,2.27,2.54,0.42,0.33794612004606184,"PSMA6, PSMC1",0.5844981466752572
Adaptive Immune System R-HSA-1280218,Reactome,14,663,1.27,3.44,0.41,0.3391338737869607,"ASB2, CAPZB, CD300LF, FBXO9, INPP5D, ITPR1, LRSAM1, NCF2, PPP2R5A, PRKCA, PSMA6, PSMC1, PTPN11, SEC61A2",0.5844981466752572
Negative Regulation Of PI3K/AKT Network R-HSA-199418,Reactome,3,112,1.61,1.31,0.41,0.3397593343475802,"BTC, PPP2R5A, PTPN11",0.5844981466752572
Hh Mutants Abrogate Ligand Secretion R-HSA-5387390,Reactome,2,55,2.19,2.27,0.41,0.34086121650945783,"PSMA6, PSMC1",0.5844981466752572
Signaling By MET R-HSA-6806834,Reactome,2,56,2.15,2.13,0.41,0.3416517042992448,"PTPN11, STAT3",0.5844981466752572
"Parathyroid hormone synthesis, secretion and action",KEGG,3,103,1.75,2.26,0.4,0.3427949306153836,"ITPR1, MEF2A, PRKCA",0.5844981466752572
Signaling By B Cell Receptor (BCR) R-HSA-983705,Reactome,3,106,1.7,1.97,0.4,0.3443108835231429,"ITPR1, PSMA6, PSMC1",0.5844981466752572
Golgi-to-ER Retrograde Transport R-HSA-8856688,Reactome,3,108,1.67,1.79,0.4,0.3456737470538797,"CAPZB, RAB1A, RAB3GAP2",0.5844981466752572
Influenza Viral RNA Transcription And Replication R-HSA-168273,Reactome,4,129,1.86,5.66,0.39,0.34690305035425273,"RPL22L1, RPL29, RPL7A, RPS27L",0.5844981466752572
Mitotic Prophase R-HSA-68875,Reactome,3,107,1.69,1.95,0.39,0.34769461233908616,"H2BC5, PRKCA, RAB1A",0.5844981466752572
KEAP1-NFE2L2 Pathway R-HSA-9755511,Reactome,3,96,1.88,3.44,0.39,0.34823574935737994,"PCDHB16, PSMA6, PSMC1",0.5844981466752572
Intracellular Signaling By Second Messengers R-HSA-9006925,Reactome,7,297,1.42,3.38,0.39,0.348605940114157,"BTC, ITPR1, PPP2R5A, PRKCA, PSMA6, PSMC1, PTPN11",0.5844981466752572
Factors Involved In Megakaryocyte Development And Platelet Production R-HSA-983231,Reactome,3,118,1.53,1.0,0.39,0.34872433797998836,"CAPZB, ITPK1, PRKCA",0.5844981466752572
Interleukin-17 Signaling R-HSA-448424,Reactome,2,66,1.82,1.0,0.39,0.3488786092346258,"DUSP3, MEF2A",0.5844981466752572
HATs Acetylate Histones R-HSA-3214847,Reactome,3,97,1.86,3.36,0.39,0.3500209990242127,"H2AC11, H2AC12, H2BC5",0.5844981466752572
TCR Signaling R-HSA-202403,Reactome,3,107,1.69,2.02,0.38,0.3502077282962637,"INPP5D, PSMA6, PSMC1",0.5844981466752572
Asymmetric Localization Of PCP Proteins R-HSA-4608870,Reactome,2,58,2.07,2.09,0.38,0.35167440993061777,"PSMA6, PSMC1",0.5844981466752572
Costimulation By CD28 Family R-HSA-388841,Reactome,2,62,1.94,1.52,0.38,0.35244523482482343,"PPP2R5A, PTPN11",0.5844981466752572
Transcriptional Regulation Of Granulopoiesis R-HSA-9616222,Reactome,2,56,2.15,2.49,0.38,0.3529098237743733,"H2BC5, STAT3",0.5844981466752572
Inflammatory bowel disease,KEGG,2,61,1.97,1.69,0.37,0.35384012549751165,"IL4, STAT3",0.5844981466752572
Defective CFTR Causes Cystic Fibrosis R-HSA-5678895,Reactome,2,57,2.11,2.35,0.37,0.3543748767552236,"PSMA6, PSMC1",0.5844981466752572
Adrenergic signaling in cardiomyocytes,KEGG,4,146,1.65,3.51,0.37,0.3547690291814438,"CACNA2D3, MYH7, PPP2R5A, PRKCA",0.5844981466752572
Role Of GTSE1 In G2/M Progression After G2 Checkpoint R-HSA-8852276,Reactome,2,57,2.11,2.41,0.37,0.35607422914832304,"PSMA6, PSMC1",0.5844981466752572
GABA Receptor Activation R-HSA-977443,Reactome,2,58,2.07,2.24,0.37,0.3563688116962147,"GABRB2, KCNJ6",0.5844981466752572
Dectin-1 Mediated Noncanonical NF-kB Signaling R-HSA-5607761,Reactome,2,59,2.04,2.07,0.37,0.35647381984918414,"PSMA6, PSMC1",0.5844981466752572
SCF(Skp2)-mediated Degradation Of P27/P21 R-HSA-187577,Reactome,2,57,2.11,2.45,0.37,0.35708436367305996,"PSMA6, PSMC1",0.5844981466752572
Neuronal System R-HSA-112316,Reactome,9,379,1.43,5.97,0.37,0.3571511753581099,"APBA1, CACNA2D3, GABRB2, HOMER1, KCNJ6, PRKCA, RAB3A, RASGRF1, SH2D3C",0.5844981466752572
Nuclear Events (Kinase And Transcription Factor Activation) R-HSA-198725,Reactome,2,59,2.04,2.11,0.36,0.35784105806079847,"DUSP3, MEF2A",0.5844981466752572
Sensory Perception Of Taste R-HSA-9717189,Reactome,2,45,2.67,5.88,0.36,0.35875571043791404,"TAS2R20, TAS2R46",0.5844981466752572
Autodegradation Of Cdh1 By Cdh1:APC/C R-HSA-174084,Reactome,2,61,1.97,1.81,0.36,0.35877488663651447,"PSMA6, PSMC1",0.5844981466752572
Transport To Golgi And Subsequent Modification R-HSA-948021,Reactome,4,154,1.56,2.71,0.36,0.3588682464611812,"CAPZB, LMAN1, RAB1A, SPTAN1",0.5844981466752572
Post NMDA Receptor Activation Events R-HSA-438064,Reactome,2,60,2.0,2.05,0.36,0.3612947443797402,"PRKCA, RASGRF1",0.5856578867901964
Oxygen-dependent Proline Hydroxylation Of Hypoxia-inducible Factor Alpha R-HSA-1234176,Reactome,2,60,2.0,2.06,0.35,0.3615292445909532,"PSMA6, PSMC1",0.5856578867901964
DNA Replication R-HSA-69306,Reactome,4,151,1.59,3.39,0.34,0.36557191589528243,"H2BC5, KPNA1, PSMA6, PSMC1",0.5887993109340324
Disease R-HSA-1643685,Reactome,32,1593,1.21,9.22,0.34,0.36613454076896296,"ABCC6, ABI2, ANTXR1, BTC, CAPN1, CDC25A, CHMP4C, ELMO1, ENO1, GPC6, H2AC11, H2AC12, H2BC5, ITPR1, KPNA1, MSH2, MTRR, MYH2, NCOR1, PPP2R5A, PRKCA, PSMA6, PSMC1, PTPN11, RPL22L1, RPL29, RPL7A, RPS27L, SLCO1B1, STAT3, STAT5B, SUGT1",0.5887993109340324
Endocytosis,KEGG,5,211,1.43,2.49,0.34,0.3665522814295882,"CAPZB, CHMP4C, CXCR1, RAB11A, RAB8A",0.5887993109340324
Signaling By WNT R-HSA-195721,Reactome,6,255,1.42,3.37,0.34,0.36738725723837296,"H2BC5, ITPR1, PPP2R5A, PRKCA, PSMA6, PSMC1",0.5887993109340324
Semaphorin Interactions R-HSA-373755,Reactome,2,63,1.91,1.79,0.33,0.3693601232843316,"DPYSL3, SEMA7A",0.5903867928028811
Acute myeloid leukemia,KEGG,2,66,1.82,1.38,0.33,0.37037494248421693,"STAT3, STAT5B",0.5904385687878365
Chemokine signaling pathway,KEGG,4,174,1.38,1.25,0.32,0.3729304939947413,"CXCR1, ELMO1, STAT3, STAT5B",0.5908909029662297
Glycolysis R-HSA-70171,Reactome,2,65,1.85,1.62,0.32,0.3745322849148424,"ENO1, PRKCA",0.5908909029662297
RHO GTPases Activate Formins R-HSA-5663220,Reactome,3,109,1.66,2.64,0.32,0.3752375383831543,"PPP2R5A, RHOD, SCAI",0.5908909029662297
Regulation Of PTEN Stability And Activity R-HSA-8948751,Reactome,2,63,1.91,2.0,0.32,0.37609048374846354,"PSMA6, PSMC1",0.5908909029662297
Hedgehog Ligand Biogenesis R-HSA-5358346,Reactome,2,61,1.97,2.39,0.32,0.37618905782735074,"PSMA6, PSMC1",0.5908909029662297
Myogenesis,Hallmark,5,190,1.58,5.92,0.31,0.3765577634543527,"MEF2A, MYH2, MYH7, SGCG, SPTAN1",0.5908909029662297
Interleukin-1 Signaling R-HSA-9020702,Reactome,3,111,1.63,2.49,0.31,0.3788001025752319,"PSMA6, PSMC1, TIFA",0.5918209806364063
COPII-mediated Vesicle Transport R-HSA-204005,Reactome,2,63,1.91,2.12,0.31,0.37945952135799266,"LMAN1, RAB1A",0.5918209806364063
Intra-Golgi And Retrograde Golgi-to-ER Traffic R-HSA-6811442,Reactome,4,165,1.46,2.33,0.3,0.3807537672723155,"CAPZB, RAB1A, RAB3GAP2, RABEPK",0.5918209806364063
p53-Dependent G1 DNA Damage Response R-HSA-69563,Reactome,2,62,1.94,2.44,0.3,0.38260905250123745,"PSMA6, PSMC1",0.5918209806364063
Thyroid hormone signaling pathway,KEGG,3,118,1.53,1.73,0.3,0.38369441022646555,"MYH7, NCOR1, PRKCA",0.5918209806364063
Regulation Of RAS By GAPs R-HSA-5658442,Reactome,2,63,1.91,2.29,0.29,0.38402986789402227,"PSMA6, PSMC1",0.5918209806364063
Long-term potentiation,KEGG,2,66,1.82,1.79,0.29,0.3856703279571177,"ITPR1, PRKCA",0.5918209806364063
APC/C:Cdc20 Mediated Degradation Of Securin R-HSA-174154,Reactome,2,65,1.85,1.99,0.29,0.38631955196693446,"PSMA6, PSMC1",0.5918209806364063
Cell Surface Interactions At Vascular Wall R-HSA-202733,Reactome,3,112,1.61,2.76,0.28,0.38786597727574795,"F11R, INPP5D, PTPN11",0.5918209806364063
Signaling By NTRK1 (TRKA) R-HSA-187037,Reactome,3,111,1.63,2.94,0.28,0.3880864762081687,"DUSP3, MEF2A, STAT3",0.5918209806364063
Disorders Of Transmembrane Transporters R-HSA-5619115,Reactome,4,172,1.4,1.87,0.28,0.38941716455139613,"ABCC6, PSMA6, PSMC1, SLCO1B1",0.5918209806364063
HIV Infection R-HSA-162906,Reactome,5,208,1.45,4.12,0.28,0.38973468577461673,"CHMP4C, ELMO1, KPNA1, PSMA6, PSMC1",0.5918209806364063
Activation Of NF-kappaB In B Cells R-HSA-1169091,Reactome,2,64,1.88,2.34,0.28,0.390152286639096,"PSMA6, PSMC1",0.5918209806364063
Cell-cell Junction Organization R-HSA-421270,Reactome,2,61,1.97,3.12,0.28,0.3912768297529085,"CLDN22, F11R",0.5918209806364063
Orc1 Removal From Chromatin R-HSA-68949,Reactome,2,67,1.8,1.81,0.27,0.39192138151961686,"PSMA6, PSMC1",0.5918209806364063
Glycolysis / Gluconeogenesis,KEGG,2,65,1.85,2.26,0.27,0.393211104618234,"ENO1, HK2",0.5922022259912032
Glutamatergic synapse,KEGG,3,111,1.63,3.3,0.27,0.3941809505926564,"HOMER1, ITPR1, PRKCA",0.5922022259912032
Proteoglycans in cancer,KEGG,4,173,1.39,2.0,0.26,0.39606835968810716,"ITPR1, PRKCA, PTPN11, STAT3",0.5922022259912032
Huntington disease,KEGG,6,266,1.36,3.94,0.26,0.396498238415236,"COX7A2, ITPR1, PSMA6, PSMC1, TUBA1B, TUBA1C",0.5922022259912032
Collagen Biosynthesis And Modifying Enzymes R-HSA-1650814,Reactome,2,65,1.85,2.54,0.26,0.3990612288300379,"COL22A1, COLGALT2",0.5922022259912032
Ion Channel Transport R-HSA-983712,Reactome,4,161,1.49,3.99,0.26,0.39925802851897096,"ATP10B, ATP6V1G3, TRPV3, TRPV6",0.5922022259912032
Signaling By FGFR In Disease R-HSA-1226099,Reactome,2,59,2.04,4.32,0.25,0.39948569458780786,"STAT3, STAT5B",0.5922022259912032
Adipocytokine signaling pathway,KEGG,2,69,1.74,1.73,0.25,0.40005674501236027,"PTPN11, STAT3",0.5922022259912032
AMPK signaling pathway,KEGG,3,120,1.5,2.22,0.24,0.40412600977897606,"EEF2K, PPP2R5A, RAB8A",0.5967560979782914
Leishmaniasis,KEGG,2,69,1.74,2.02,0.23,0.4074361993770769,"IL4, NCF2",0.5980049771550867
Cellular Response To Hypoxia R-HSA-1234174,Reactome,2,68,1.77,2.27,0.23,0.40798434922672255,"PSMA6, PSMC1",0.5980049771550867
RHOC GTPase Cycle R-HSA-9013106,Reactome,2,69,1.74,2.07,0.23,0.4085406060151456,"ANLN, LMAN1",0.5980049771550867
Major Pathway Of rRNA Processing In Nucleolus And Cytosol R-HSA-6791226,Reactome,4,156,1.54,6.24,0.23,0.40974185379018235,"RPL22L1, RPL29, RPL7A, RPS27L",0.5980049771550867
G1/S Transition R-HSA-69206,Reactome,3,126,1.43,1.63,0.22,0.41227905494689615,"CDC25A, PSMA6, PSMC1",0.5980049771550867
GPCR Downstream Signaling R-HSA-388396,Reactome,12,590,1.22,6.29,0.22,0.41243940706213256,"CHRM3, CXCR1, DAGLA, DAGLB, GNA14, GPSM2, HTR1B, ITPR1, PMCH, PRKCA, TAS2R20, TAS2R46",0.5980049771550867
APC/C:Cdh1 Mediated Degradation Of Cdc20 And APC/C:Cdh1 Targets In Late Mitosis/Early G1 R-HSA-174178,Reactome,2,71,1.69,2.02,0.21,0.41728671946881973,"PSMA6, PSMC1",0.5980049771550867
Prolactin signaling pathway,KEGG,2,70,1.72,2.4,0.2,0.41951218186172734,"STAT3, STAT5B",0.5980049771550867
Recruitment Of NuMA To Mitotic Centrosomes R-HSA-380320,Reactome,2,74,1.63,1.48,0.2,0.4200337590235516,"NME7, PRKCA",0.5980049771550867
CDK-mediated Phosphorylation And Removal Of Cdc6 R-HSA-69017,Reactome,2,70,1.72,2.46,0.2,0.42038670490861885,"PSMA6, PSMC1",0.5980049771550867
Cilium Assembly R-HSA-5617833,Reactome,4,172,1.4,3.66,0.2,0.42052762472176586,"IFT46, PRKCA, RAB11A, RAB8A",0.5980049771550867
Cdc20:Phospho-APC/C Mediated Degradation Of Cyclin A R-HSA-174184,Reactome,2,70,1.72,2.55,0.2,0.4218072890715605,"PSMA6, PSMC1",0.5980049771550867
Centrosome Maturation R-HSA-380287,Reactome,2,75,1.6,1.36,0.2,0.42210567703848784,"NME7, PRKCA",0.5980049771550867
Fc Epsilon Receptor (FCERI) Signaling R-HSA-2454202,Reactome,3,125,1.44,2.31,0.19,0.42272324053228094,"ITPR1, PSMA6, PSMC1",0.5980049771550867
Focal adhesion,KEGG,4,179,1.34,2.51,0.19,0.4229422396200423,"FLT1, MYLK3, PRKCA, RASGRF1",0.5980049771550867
Regulation Of RUNX2 Expression And Activity R-HSA-8939902,Reactome,2,69,1.74,2.98,0.19,0.4235121673222274,"PSMA6, PSMC1",0.5980049771550867
Keratinization R-HSA-6805567,Reactome,3,107,1.69,8.25,0.19,0.4245009342210687,"CAPN1, KRT18, KRT38",0.5980049771550867
APC:Cdc20 Mediated Degradation Of Cell Cycle Proteins Before Cycle Checkpoint Satisfied R-HSA-179419,Reactome,2,71,1.69,2.5,0.19,0.42552324140365116,"PSMA6, PSMC1",0.5980049771550867
Vascular smooth muscle contraction,KEGG,3,131,1.38,1.4,0.19,0.4260144306613261,"ITPR1, MYLK3, PRKCA",0.5980049771550867
TCF Dependent Signaling In Response To WNT R-HSA-201681,Reactome,4,177,1.36,3.21,0.18,0.4270722791061147,"H2BC5, PPP2R5A, PSMA6, PSMC1",0.5980049771550867
rRNA Processing In Nucleus And Cytosol R-HSA-8868773,Reactome,4,165,1.46,6.35,0.18,0.42712091557831366,"RPL22L1, RPL29, RPL7A, RPS27L",0.5980049771550867
Apelin signaling pathway,KEGG,3,131,1.38,1.53,0.18,0.4291645730362007,"ITPR1, MEF2A, MYLK3",0.5980049771550867
Constitutive Signaling By Aberrant PI3K In Cancer R-HSA-2219530,Reactome,2,77,1.56,1.28,0.17,0.4312589915765167,"BTC, PTPN11",0.5980049771550867
Lipid and atherosclerosis,KEGG,4,189,1.27,1.41,0.17,0.4315265259935903,"ITPR1, NCF2, PRKCA, STAT3",0.5980049771550867
Viral carcinogenesis,KEGG,4,178,1.35,3.53,0.17,0.4326418311650983,"H2BC5, PSMC1, STAT3, STAT5B",0.5980049771550867
APC/C:Cdc20 Mediated Degradation Of Mitotic Proteins R-HSA-176409,Reactome,2,73,1.65,2.49,0.17,0.4338688544338146,"PSMA6, PSMC1",0.5980049771550867
Cell Cycle R-HSA-1640170,Reactome,12,613,1.18,6.45,0.17,0.4340707862882808,"CDC25A, CHMP4C, H2BC5, NME7, PPP2R5A, PRKCA, PSMA6, PSMC1, RAB1A, RAB8A, TUBA1B, TUBA1C",0.5980049771550867
Chronic myeloid leukemia,KEGG,2,76,1.58,1.71,0.16,0.4353911852452904,"PTPN11, STAT5B",0.5980049771550867
Metabolism Of Proteins R-HSA-392499,Reactome,32,1745,1.1,10.0,0.16,0.43783726025847813,"ASB2, CAPZB, CDC25A, FARSB, FBXO9, GNA14, H2AC11, H2AC12, H2BC5, IGFBP2, L3MBTL2, LMAN1, MRPS14, OTOA, PIGX, PSMA6, PSMC1, RAB11A, RAB1A, RAB3A, RAB8A, RECK, RPL22L1, RPL29, RPL7A, RPS27L, SEC61A2, SPTAN1, STAT3, TNIP1, TUBA1B, TUBA1C",0.5980049771550867
Signaling By FGFR2 R-HSA-5654738,Reactome,2,69,1.74,4.63,0.15,0.438530251397207,"HNRNPF, PTPN11",0.5980049771550867
Activation Of APC/C And APC/C:Cdc20 Mediated Degradation Of Mitotic Proteins R-HSA-176814,Reactome,2,74,1.63,2.64,0.15,0.4398672810231347,"PSMA6, PSMC1",0.5980049771550867
Metabolism Of RNA R-HSA-8953854,Reactome,12,608,1.19,8.87,0.15,0.43995152513716484,"GLE1, GPKOW, HNRNPF, PRKCA, PSMA6, PSMC1, RNPC3, RPL22L1, RPL29, RPL7A, RPS27L, UPF3A",0.5980049771550867
rRNA Processing R-HSA-72312,Reactome,4,175,1.37,5.47,0.15,0.4403635524112149,"RPL22L1, RPL29, RPL7A, RPS27L",0.5980049771550867
Chemical carcinogenesis,KEGG,5,236,1.27,4.0,0.15,0.44128248163883294,"CDC25A, KPNA1, PRKCA, STAT3, STAT5B",0.5980049771550867
Regulation Of PLK1 Activity At G2/M Transition R-HSA-2565942,Reactome,2,79,1.52,1.26,0.15,0.4417282755677856,"PRKCA, RAB8A",0.5980049771550867
Sensory Perception R-HSA-9709957,Reactome,11,546,1.21,11.02,0.15,0.44198594700777616,"CAPZB, EPS8, GPC6, OR10G9, OR4D10, OR5L1, PRKCA, RAB3A, SPTAN1, TAS2R20, TAS2R46",0.5980049771550867
Systemic lupus erythematosus,KEGG,3,122,1.48,5.49,0.14,0.44313690846111353,"H2AC11, H2AC12, H2BC5",0.5980049771550867
Senescence-Associated Secretory Phenotype (SASP) R-HSA-2559582,Reactome,2,76,1.58,2.23,0.14,0.4434705584701344,"H2BC5, STAT3",0.5980049771550867
Signaling By Insulin Receptor R-HSA-74752,Reactome,2,77,1.56,2.03,0.14,0.4452840343683113,"ATP6V1G3, PTPN11",0.5980049771550867
FCERI Mediated NF-kB Activation R-HSA-2871837,Reactome,2,76,1.58,2.42,0.14,0.4457029824179398,"PSMA6, PSMC1",0.5980049771550867
Signaling By NOTCH4 R-HSA-9013694,Reactome,2,78,1.54,1.81,0.13,0.44678239972305,"PSMA6, PSMC1",0.5980049771550867
Downstream Signaling Events Of B Cell Receptor (BCR) R-HSA-1168372,Reactome,2,77,1.56,2.18,0.13,0.4471139576589054,"PSMA6, PSMC1",0.5980049771550867
Diseases Of Signal Transduction By Growth Factor Receptors And Second Messengers R-HSA-5663202,Reactome,8,403,1.19,5.95,0.13,0.44856407388288383,"BTC, NCOR1, PPP2R5A, PSMA6, PSMC1, PTPN11, STAT3, STAT5B",0.5980049771550867
Class I MHC Mediated Antigen Processing And Presentation R-HSA-983169,Reactome,7,356,1.18,3.82,0.12,0.4504606644303799,"ASB2, FBXO9, LRSAM1, NCF2, PSMA6, PSMC1, SEC61A2",0.5980049771550867
Estrogen Response Early,Hallmark,4,189,1.27,2.76,0.12,0.45097434676910314,"ITPK1, KRT18, RHOD, TFF1",0.5980049771550867
Epithelial Mesenchymal Transition,Hallmark,4,184,1.31,4.51,0.12,0.4520927166680895,"DPYSL3, IGFBP2, MFAP5, SGCG",0.5980049771550867
Transcriptional Regulation By RUNX1 R-HSA-8878171,Reactome,4,191,1.26,2.41,0.12,0.45270619955586816,"H2BC5, PSMA6, PSMC1, PTPN11",0.5980049771550867
Cell Cycle Checkpoints R-HSA-69620,Reactome,5,247,1.22,2.94,0.11,0.45424111438436365,"CDC25A, H2BC5, PPP2R5A, PSMA6, PSMC1",0.5980049771550867
Regulation Of APC/C Activators Between G1/S And Early Anaphase R-HSA-176408,Reactome,2,78,1.54,2.66,0.11,0.4560270454456301,"PSMA6, PSMC1",0.5980049771550867
Glycolysis,Hallmark,4,194,1.24,2.03,0.11,0.4566938102167586,"DSC2, ENO1, HK2, HOMER1",0.5980049771550867
Signaling By NOTCH R-HSA-157118,Reactome,4,195,1.23,1.79,0.11,0.45680218813386675,"H2BC5, NCOR1, PSMA6, PSMC1",0.5980049771550867
UV Response Dn,Hallmark,3,137,1.32,1.89,0.11,0.4568106092580813,"CELF2, NR1D2, PRKCA",0.5980049771550867
Synaptic vesicle cycle,KEGG,2,77,1.56,3.57,0.1,0.4586175311744347,"ATP6V1G3, RAB3A",0.5980049771550867
Signaling By GPCR R-HSA-372790,Reactome,12,638,1.13,7.4,0.1,0.458702653025782,"CHRM3, CXCR1, DAGLA, DAGLB, GNA14, GPSM2, HTR1B, ITPR1, PMCH, PRKCA, TAS2R20, TAS2R46",0.5980049771550867
Cell adhesion molecules,KEGG,3,134,1.35,3.36,0.1,0.45991001104723217,"CDH3, CLDN22, F11R",0.598281204847157
RHOA GTPase Cycle R-HSA-8980692,Reactome,3,138,1.31,2.11,0.09,0.4623658171969344,"ANLN, ARHGAP20, LMAN1",0.6001767951087636
Oxidative Phosphorylation,Hallmark,4,191,1.26,4.23,0.09,0.46422963959012375,"COX7A2, FXN, MTRR, NQO2",0.6012974426587594
Rheumatoid arthritis,KEGG,2,81,1.48,2.69,0.08,0.46756463360257405,"ATP6V1G3, FLT1",0.6016389781631423
Glucose Metabolism R-HSA-70326,Reactome,2,85,1.42,1.02,0.07,0.47090356375991055,"ENO1, PRKCA",0.6016389781631423
Hepatitis B,KEGG,3,142,1.27,1.63,0.07,0.4714549350833733,"PRKCA, STAT3, STAT5B",0.6016389781631423
IL-6/JAK/STAT3 Signaling,Hallmark,2,84,1.43,1.73,0.07,0.473202100732576,"PTPN11, STAT3",0.6016389781631423
Staphylococcus aureus infection,KEGG,2,81,1.48,4.35,0.06,0.4744855028420523,"KRT18, KRT38",0.6016389781631423
Hedgehog On State R-HSA-5632684,Reactome,2,83,1.45,2.74,0.06,0.47516792238516686,"PSMA6, PSMC1",0.6016389781631423
Signaling By TGF-beta Receptor Complex R-HSA-170834,Reactome,2,84,1.43,2.06,0.06,0.47544925270326505,"F11R, NCOR1",0.6016389781631423
Cell Junction Organization R-HSA-446728,Reactome,2,83,1.45,3.22,0.06,0.4770616266792471,"CLDN22, F11R",0.6016389781631423
Cellular senescence,KEGG,3,143,1.26,1.97,0.06,0.47717334181656657,"CAPN1, CDC25A, ITPR1",0.6016389781631423
Activation Of HOX Genes During Differentiation R-HSA-5619507,Reactome,2,83,1.45,3.37,0.06,0.4775992491164134,"H2BC5, NCOR1",0.6016389781631423
Signaling By FGFR R-HSA-190236,Reactome,2,83,1.45,3.7,0.05,0.4785959754174456,"HNRNPF, PTPN11",0.6016389781631423
Organelle Biogenesis And Maintenance R-HSA-1852241,Reactome,5,258,1.17,4.12,0.05,0.47973921527459384,"IFT46, NCOR1, PRKCA, RAB11A, RAB8A",0.6016389781631423
Fc gamma R-mediated phagocytosis,KEGG,2,86,1.4,1.36,0.05,0.4797539520106756,"INPP5D, PRKCA",0.6016389781631423
Mitotic G1 Phase And G1/S Transition R-HSA-453279,Reactome,3,144,1.25,1.86,0.05,0.47977769713675605,"CDC25A, PSMA6, PSMC1",0.6016389781631423
APC/C-mediated Degradation Of Cell Cycle Proteins R-HSA-174143,Reactome,2,85,1.42,2.52,0.05,0.48150366519642473,"PSMA6, PSMC1",0.6016389781631423
PIP3 Activates AKT Signaling R-HSA-1257604,Reactome,5,260,1.16,3.52,0.05,0.48163113524185963,"BTC, PPP2R5A, PSMA6, PSMC1, PTPN11",0.6016389781631423
Post-translational Protein Modification R-HSA-597592,Reactome,22,1261,1.05,7.69,0.04,0.482390326479238,"ASB2, CAPZB, CDC25A, FBXO9, H2AC11, H2AC12, H2BC5, L3MBTL2, LMAN1, OTOA, PIGX, PSMA6, PSMC1, RAB11A, RAB1A, RAB3A, RAB8A, RECK, SPTAN1, TNIP1, TUBA1B, TUBA1C",0.6016389781631423
Th1 and Th2 cell differentiation,KEGG,2,87,1.38,1.14,0.04,0.48325326421807957,"IL4, STAT5B",0.6016389781631423
Collagen Formation R-HSA-1474290,Reactome,2,86,1.4,2.05,0.04,0.48351352155207605,"COL22A1, COLGALT2",0.6016389781631423
Phospholipase D signaling pathway,KEGG,3,145,1.24,2.83,0.03,0.48624026694427025,"CXCR1, PRKCA, PTPN11",0.6027099349042409
PD-L1 expression and PD-1 checkpoint pathway in cancer,KEGG,2,87,1.38,1.73,0.03,0.4863798975516752,"PTPN11, STAT3",0.6027099349042409
NOD-like receptor signaling pathway,KEGG,3,147,1.23,1.4,0.03,0.4878300465318464,"ANTXR1, ITPR1, SUGT1",0.6032630822338265
Switching Of Origins To A Post-Replicative State R-HSA-69052,Reactome,2,88,1.37,2.24,0.02,0.4918130779897288,"PSMA6, PSMC1",0.6061994191915575
Protein-protein Interactions At Synapses R-HSA-6794362,Reactome,2,88,1.37,2.48,0.02,0.49222182456818653,"APBA1, HOMER1",0.6061994191915575
Stimuli-sensing Channels R-HSA-2672351,Reactome,2,89,1.35,2.8,0.01,0.49600935189213197,"TRPV3, TRPV6",0.6084911975731702
Asparagine N-linked Glycosylation R-HSA-446203,Reactome,5,269,1.12,3.51,0.01,0.49722516701539504,"CAPZB, LMAN1, PSMC1, RAB1A, SPTAN1",0.6084911975731702
Natural killer cell mediated cytotoxicity,KEGG,2,90,1.34,1.52,0.0,0.4990650339669991,"PRKCA, PTPN11",0.6084911975731702
Influenza A,KEGG,3,150,1.2,2.62,0.0,0.4990796405081045,"KPNA1, PRKCA, RAB11A",0.6084911975731702
Transcriptional Regulation By RUNX3 R-HSA-8878159,Reactome,2,90,1.34,1.81,0.0,0.49914502562990504,"PSMA6, PSMC1",0.6084911975731702
Amoebiasis,KEGG,2,91,1.32,2.86,-0.01,0.5025463697671166,"GNA14, PRKCA",0.6094440193220709
Visual Phototransduction R-HSA-2187338,Reactome,2,91,1.32,2.39,-0.01,0.5027845877587924,"GPC6, PRKCA",0.6094440193220709
GnRH signaling pathway,KEGG,2,91,1.32,1.57,-0.01,0.5034370597466196,"ITPR1, PRKCA",0.6094440193220709
Apical Junction,Hallmark,3,184,0.98,5.54,-0.01,0.505851899218719,"ADAM15, CDH3, RHOF",0.6094440193220709
Measles,KEGG,2,122,0.99,1.71,-0.02,0.5061986854608588,"STAT3, STAT5B",0.6094440193220709
Neutrophil Degranulation R-HSA-6798695,Reactome,7,427,0.99,4.28,-0.02,0.5074098187473123,"CAPN1, CPPED1, CXCR1, OLFM4, RAB3A, RHOF, SPTAN1",0.6094440193220709
Cargo Recognition For Clathrin-Mediated Endocytosis R-HSA-8856825,Reactome,2,92,1.31,1.21,-0.02,0.5088418322537753,"BTC, ITSN2",0.6094440193220709
Protein Localization R-HSA-9609507,Reactome,3,153,1.18,1.43,-0.02,0.5093439049147157,"BCS1L, FXN, PIPOX",0.6094440193220709
L1CAM Interactions R-HSA-373760,Reactome,2,93,1.29,2.32,-0.02,0.509883655531665,"CNTN6, SPTAN1",0.6094440193220709
Drug metabolism,KEGG,2,127,0.95,7.42,-0.03,0.5114008068036061,"NME7, UCK2",0.6094440193220709
Transport Of Small Molecules R-HSA-382551,Reactome,11,680,0.97,7.69,-0.03,0.5135517033542507,"ABCC6, ATP10B, ATP6V1G3, PRKCA, PSMA6, PSMC1, RAB11A, SLC26A9, SLCO1B1, TRPV3, TRPV6",0.6094440193220709
S Phase R-HSA-69242,Reactome,3,157,1.15,3.34,-0.04,0.5151481362755211,"CDC25A, PSMA6, PSMC1",0.6094440193220709
Separation Of Sister Chromatids R-HSA-2467813,Reactome,3,158,1.14,2.83,-0.05,0.518868784760858,"PPP2R5A, PSMA6, PSMC1",0.6094440193220709
Metabolism R-HSA-1430728,Reactome,32,1967,0.98,7.66,-0.05,0.5192649447444221,"ASPG, CHRM3, COQ5, ENO1, FXN, GLTP, GNA14, GPC6, IDI1, INPP5A, INPP5D, ITPK1, ITPR1, MTHFD1L, MTHFD2, MTRR, NCOR1, NQO2, PCDHB16, PIPOX, PRKCA, PSMA6, PSMC1, RPL22L1, RPL29, RPL7A, RPS27L, SH2D3C, SLC25A19, SLC45A2, SLCO1B1, UCK2",0.6094440193220709
Signaling By Nuclear Receptors R-HSA-9006931,Reactome,4,250,0.96,2.6,-0.05,0.5193677454185576,"BTC, H2BC5, NCOR1, TFF1",0.6094440193220709
IL-2/STAT5 Signaling,Hallmark,3,190,0.95,3.18,-0.05,0.520350919217546,"CDCP1, HK2, UCK2",0.6094440193220709
Androgen Response,Hallmark,2,95,1.27,1.52,-0.05,0.5207418465361051,"IDI1, LMAN1",0.6094440193220709
FoxO signaling pathway,KEGG,2,127,0.95,2.14,-0.05,0.5212030770527994,"HOMER1, STAT3",0.6094440193220709
HIV Life Cycle R-HSA-162587,Reactome,2,130,0.93,3.51,-0.06,0.5236858736350983,"CHMP4C, KPNA1",0.6094440193220709
Hypoxia,Hallmark,3,191,0.94,2.82,-0.06,0.5237995939353163,"ENO1, HK2, PRKCA",0.6094440193220709
G2-M Checkpoint,Hallmark,3,190,0.95,2.3,-0.06,0.5239063913546563,"CDC25A, STAG1, UCK2",0.6094440193220709
Neddylation R-HSA-8951664,Reactome,4,226,1.06,4.7,-0.06,0.5248542607206051,"ASB2, FBXO9, PSMA6, PSMC1",0.6094440193220709
RAC1 GTPase Cycle R-HSA-9013149,Reactome,3,161,1.12,2.86,-0.06,0.5258451663136687,"ABI2, ARHGAP20, NCF2",0.6094440193220709
Autophagy,KEGG,3,159,1.13,1.86,-0.07,0.5261817386570442,"ITPR1, RAB1A, RAB8A",0.6094440193220709
Adipogenesis,Hallmark,3,195,0.93,3.83,-0.07,0.5278376936983319,"BCL2L13, COQ5, DNAJC15",0.6094440193220709
mTOR signaling pathway,KEGG,2,133,0.9,4.1,-0.07,0.5283504078908323,"ATP6V1G3, PRKCA",0.6094440193220709
Ras signaling pathway,KEGG,4,223,1.08,2.24,-0.07,0.5292365653157305,"FLT1, PRKCA, PTPN11, RASGRF1",0.6094440193220709
Processing Of Capped Intron-Containing Pre-mRNA R-HSA-72203,Reactome,4,228,1.06,4.16,-0.07,0.529705686361113,"GLE1, GPKOW, HNRNPF, RNPC3",0.6094440193220709
TNFR2 Non-Canonical NF-kB Pathway R-HSA-5668541,Reactome,2,98,1.23,1.81,-0.08,0.5303721751595737,"PSMA6, PSMC1",0.6094440193220709
PTEN Regulation R-HSA-6807070,Reactome,2,132,0.91,3.05,-0.08,0.5303840434389826,"PSMA6, PSMC1",0.6094440193220709
Protein processing in endoplasmic reticulum,KEGG,3,163,1.11,2.57,-0.08,0.5321800990096597,"CAPN1, LMAN1, SEC61A2",0.6094440193220709
Antigen Processing: Ubiquitination And Proteasome Degradation R-HSA-983168,Reactome,5,293,1.03,4.46,-0.08,0.5323762232014763,"ASB2, FBXO9, LRSAM1, PSMA6, PSMC1",0.6094440193220709
MAPK signaling pathway,KEGG,5,288,1.04,2.44,-0.09,0.5342946758323511,"CACNA2D3, DUSP3, FLT1, PRKCA, RASGRF1",0.6104773767590173
SARS-CoV-2 Infection R-HSA-9694516,Reactome,4,231,1.04,3.46,-0.1,0.5378624484967102,"CHMP4C, GPC6, PTPN11, RPS27L",0.6133877258947302
DNA Double-Strand Break Repair R-HSA-5693532,Reactome,2,134,0.9,2.32,-0.1,0.5405137958000961,"EYA1, H2BC5",0.61466713657457
CDC42 GTPase Cycle R-HSA-9013148,Reactome,2,135,0.89,2.54,-0.1,0.5413741936096133,"ARHGAP20, FNBP1",0.61466713657457
Interleukin-4 And Interleukin-13 Signaling R-HSA-6785807,Reactome,2,101,1.19,1.76,-0.11,0.5420525497246623,"IL4, STAT3",0.61466713657457
Human cytomegalovirus infection,KEGG,3,198,0.91,2.15,-0.11,0.5444299747268201,"ITPR1, PRKCA, STAT3",0.6149269035756281
Fluid shear stress and atherosclerosis,KEGG,2,132,0.91,1.42,-0.11,0.5445044587474466,"MEF2A, NCF2",0.6149269035756281
Hepatitis C,KEGG,2,137,0.88,2.6,-0.12,0.5460785509341176,"CLDN22, STAT3",0.6149269035756281
GPCR Ligand Binding R-HSA-500792,Reactome,6,415,0.87,8.74,-0.12,0.5472044993310936,"CHRM3, CXCR1, HTR1B, PMCH, TAS2R20, TAS2R46",0.6149269035756281
PI3K/AKT Signaling In Cancer R-HSA-2219528,Reactome,2,104,1.16,2.2,-0.12,0.5473974931996023,"BTC, PTPN11",0.6149269035756281
Salmonella infection,KEGG,4,235,1.02,2.75,-0.13,0.5502928079200758,"ELMO1, KPNA1, TUBA1B, TUBA1C",0.6159138653051554
Insulin signaling pathway,KEGG,2,136,0.88,1.94,-0.13,0.5503256999482004,"HK2, INPP5A",0.6159138653051554
Mitotic Prometaphase R-HSA-68877,Reactome,3,171,1.06,2.35,-0.13,0.5535282320825861,"NME7, PPP2R5A, PRKCA",0.6172030543910385
Alcoholism,KEGG,3,177,1.02,3.79,-0.13,0.5535315246535271,"H2AC11, H2AC12, H2BC5",0.6172030543910385
Oxidative phosphorylation,KEGG,2,112,1.07,3.33,-0.15,0.5584952697211368,"ATP6V1G3, COX7A2",0.6197376449091558
Insulin resistance,KEGG,2,108,1.11,2.24,-0.15,0.5593228773142409,"PTPN11, STAT3",0.6197376449091558
C-type lectin receptor signaling pathway,KEGG,2,102,1.18,1.0,-0.15,0.5605299401032311,"ITPR1, PTPN11",0.6197376449091558
Transcriptional Regulation By RUNX2 R-HSA-8878166,Reactome,2,111,1.08,2.83,-0.15,0.560854193901798,"PSMA6, PSMC1",0.6197376449091558
mRNA Splicing R-HSA-72172,Reactome,3,179,1.01,3.21,-0.16,0.5621070619431882,"GPKOW, HNRNPF, RNPC3",0.6197376449091558
Regulation of actin cytoskeleton,KEGG,3,207,0.87,2.33,-0.16,0.5629450487858516,"ABI2, CHRM3, MYLK3",0.6197376449091558
Transcriptional misregulation in cancer,KEGG,3,174,1.04,2.13,-0.16,0.563763662740396,"EYA1, FLT1, NCOR1",0.6197376449091558
Diabetic cardiomyopathy,KEGG,3,177,1.02,2.64,-0.16,0.5640540628374513,"COX7A2, NCF2, PRKCA",0.6197376449091558
Cardiac Conduction R-HSA-5576891,Reactome,2,117,1.03,3.67,-0.17,0.5669683155296213,"ITPR1, PRKCA",0.6202401504870461
Synthesis Of DNA R-HSA-69239,Reactome,2,117,1.03,3.61,-0.17,0.5675338808321917,"PSMA6, PSMC1",0.6202401504870461
Bile Acid Metabolism,Hallmark,2,112,1.07,2.37,-0.17,0.5692260195277723,"IDI1, PIPOX",0.6202401504870461
Apoptosis,Hallmark,2,155,0.78,4.34,-0.17,0.5694538112931335,"KRT18, SPTAN1",0.6202401504870461
Degradation Of Extracellular Matrix R-HSA-1474228,Reactome,2,106,1.13,1.2,-0.18,0.5724596512692491,"ADAM15, CAPN1",0.6202401504870461
Cell cycle,KEGG,2,112,1.07,2.15,-0.18,0.5726875701610877,"CDC25A, STAG1",0.6202401504870461
Anti-inflammatory Response Favoring Leishmania Infection R-HSA-9662851,Reactome,2,156,0.77,4.08,-0.19,0.5734192970649273,"ITPR1, PRKCA",0.6202401504870461
Signaling pathways regulating pluripotency of stem cells,KEGG,2,118,1.02,3.2,-0.19,0.5740938782669893,"LEFTY1, STAT3",0.6202401504870461
ESR-mediated Signaling R-HSA-8939211,Reactome,3,179,1.01,2.25,-0.19,0.5741411602443756,"BTC, H2BC5, TFF1",0.6202401504870461
Estrogen-dependent Gene Expression R-HSA-9018519,Reactome,2,114,1.06,2.38,-0.19,0.5748315537791758,"H2BC5, TFF1",0.6202401504870461
Class A/1 (Rhodopsin-like Receptors) R-HSA-373076,Reactome,4,308,0.78,6.67,-0.2,0.5774910215659402,"CHRM3, CXCR1, HTR1B, PMCH",0.6219930178514876
Signaling By TGFB Family Members R-HSA-9006936,Reactome,2,111,1.08,1.68,-0.2,0.5787116147990152,"F11R, NCOR1",0.6221926305799789
SARS-CoV-2-host Interactions R-HSA-9705683,Reactome,2,159,0.76,3.41,-0.22,0.5860697397680851,"PTPN11, RPS27L",0.628616448304979
Fatty Acid Metabolism,Hallmark,2,154,0.78,2.62,-0.22,0.5867784151399221,"IDI1, PRDX6",0.628616448304979
Platelet activation,KEGG,2,117,1.03,1.8,-0.24,0.595142167182499,"ITPR1, MYLK3",0.6350428374360422
PPARA Activates Gene Expression R-HSA-1989781,Reactome,2,115,1.05,1.55,-0.24,0.5958188923926437,"NCOR1, PCDHB16",0.6350428374360422
Oocyte meiosis,KEGG,2,113,1.06,1.33,-0.24,0.595947022152958,"ITPR1, PPP2R5A",0.6350428374360422
SARS-CoV Infections R-HSA-9679506,Reactome,4,312,0.77,4.54,-0.25,0.5984605490536916,"CHMP4C, GPC6, PTPN11, RPS27L",0.6365925486394135
Metabolism Of Steroids R-HSA-8957322,Reactome,2,147,0.82,1.23,-0.26,0.6022565749704264,"IDI1, SLCO1B1",0.6386248774357308
Neuroactive ligand-receptor interaction,KEGG,4,334,0.72,6.7,-0.26,0.6024963485957727,"CHRM3, GABRB2, HTR1B, PMCH",0.6386248774357308
Muscle Contraction R-HSA-397014,Reactome,2,183,0.66,5.3,-0.26,0.6039029674645379,"ITPR1, PRKCA",0.6389888793066677
Regulation Of Lipid Metabolism By PPARalpha R-HSA-400206,Reactome,2,117,1.03,1.37,-0.28,0.6088735572239489,"NCOR1, PCDHB16",0.6429212036573522
Interferon Signaling R-HSA-913531,Reactome,2,165,0.73,2.67,-0.28,0.6097588786766901,"KPNA1, PTPN11",0.6429212036573522
RNA transport,KEGG,2,159,0.76,1.81,-0.3,0.6173459414259048,"GLE1, UPF3A",0.6497809295918894
mRNA Splicing - Major Pathway R-HSA-72163,Reactome,2,174,0.69,3.12,-0.3,0.6185701614791773,"GPKOW, HNRNPF",0.6499312360996251
Herpes simplex virus 1 infection,KEGG,2,154,0.78,1.33,-0.31,0.6210840725503449,"PILRB, PTPN11",0.6503856597785257
PI3K-Akt signaling pathway,KEGG,4,318,0.76,3.42,-0.31,0.6211670028500396,"FLT1, IL4, PPP2R5A, PRKCA",0.6503856597785257
Peptide Ligand-Binding Receptors R-HSA-375276,Reactome,2,181,0.66,3.41,-0.32,0.6253909887856478,"CXCR1, PMCH",0.6536695378437815
Kaposi sarcoma-associated herpesvirus infection,KEGG,2,166,0.72,2.0,-0.33,0.6286602011792044,"ITPR1, STAT3",0.6554442064481791
Sphingolipid signaling pathway,KEGG,2,119,1.01,1.09,-0.33,0.6292700617647244,"PPP2R5A, PRKCA",0.6554442064481791
Interferon Gamma Response,Hallmark,2,180,0.67,2.93,-0.34,0.6331875140424048,"MTHFD2, STAT3",0.658383556988729
Generic Transcription Pathway R-HSA-212436,Reactome,10,824,0.73,8.68,-0.35,0.6375681336104877,"H2BC5, L3MBTL2, MSH2, NCOR1, NR1D2, PRELID3A, PRKCA, PSMA6, PSMC1, PTPN11",0.6611204275288263
Expression And Translocation Of Olfactory Receptors R-HSA-9752946,Reactome,3,340,0.53,10.39,-0.35,0.6380197137549405,"OR10G9, OR4D10, OR5L1",0.6611204275288263
Olfactory Signaling Pathway R-HSA-381753,Reactome,3,347,0.52,10.1,-0.37,0.6443805143255603,"OR10G9, OR4D10, OR5L1",0.6665622876242027
Epstein-Barr virus infection,KEGG,2,175,0.69,2.08,-0.38,0.6463002533597342,"PSMC1, STAT3",0.667399402524399
Estrogen Response Late,Hallmark,2,190,0.63,2.98,-0.38,0.6493382163021507,"ITPK1, TFF1",0.6693863945070199
Thermogenesis,KEGG,2,208,0.58,4.16,-0.39,0.6518226252411332,"COX7A2, PRDM16",0.6707969139895908
DNA Repair R-HSA-73894,Reactome,3,277,0.65,3.64,-0.4,0.6550924547034267,"EYA1, H2BC5, MSH2",0.6719733394133197
Human immunodeficiency virus 1 infection,KEGG,2,183,0.66,2.31,-0.4,0.655201958229959,"ITPR1, PRKCA",0.6719733394133197
p53 Pathway,Hallmark,2,187,0.64,2.51,-0.4,0.6564298911379316,"RPS27L, SERPINB5",0.6720857999555313
Rap1 signaling pathway,KEGG,2,202,0.6,3.13,-0.43,0.6647142793797978,"FLT1, PRKCA",0.6794103433796912
Biological Oxidations R-HSA-211859,Reactome,2,198,0.61,2.81,-0.43,0.66685197872416,"MTRR, NQO2",0.6804380971361972
Metabolism Of Carbohydrates R-HSA-71387,Reactome,3,267,0.68,2.38,-0.45,0.6739123309961447,"ENO1, GPC6, PRKCA",0.6855264036886529
Olfactory transduction,KEGG,3,379,0.48,8.86,-0.45,0.674119974342752,"OR10G9, OR4D10, OR5L1",0.6855264036886529
RNA Polymerase II Transcription R-HSA-73857,Reactome,10,941,0.64,10.27,-0.46,0.6786695157241498,"H2BC5, L3MBTL2, MSH2, NCOR1, NR1D2, PRELID3A, PRKCA, PSMA6, PSMC1, PTPN11",0.6889871266050913
Human papillomavirus infection,KEGG,3,280,0.64,2.62,-0.48,0.6852669240177436,"ATP6V1G3, PPP2R5A, PSMC1",0.6945116717279324
Phospholipid Metabolism R-HSA-1483257,Reactome,2,207,0.58,2.52,-0.5,0.6903691452502806,"INPP5D, SH2D3C",0.6985048085781459
Diseases Of Metabolism R-HSA-5668914,Reactome,2,227,0.53,3.02,-0.53,0.7032335325286015,"GPC6, MTRR",0.710324963108722
SLC-mediated Transmembrane Transport R-HSA-425407,Reactome,2,247,0.49,3.5,-0.57,0.7140601017411184,"SLC26A9, SLCO1B1",0.720050538836262
Gene Expression (Transcription) R-HSA-74160,Reactome,10,1074,0.56,11.21,-0.58,0.7194242234135685,"H2BC5, L3MBTL2, MSH2, NCOR1, NR1D2, PRELID3A, PRKCA, PSMA6, PSMC1, PTPN11",0.7242444862170095
Pathways in cancer,KEGG,5,478,0.63,3.13,-0.61,0.7276210171693442,"IL4, MSH2, PRKCA, STAT3, STAT5B",0.731271289830729
Metabolism Of Lipids R-HSA-556833,Reactome,8,713,0.67,3.39,-0.63,0.7350013657823844,"GLTP, IDI1, INPP5D, NCOR1, PCDHB16, PRKCA, SH2D3C, SLCO1B1",0.737455460492843
Cytokine-cytokine receptor interaction,KEGG,2,267,0.45,2.85,-0.7,0.7572724887852538,"CXCR1, IL4",0.7585346095998958
Transcriptional Regulation By TP53 R-HSA-3700989,Reactome,2,333,0.36,3.89,-0.78,0.7814708652018163,"MSH2, PRELID3A",0.7814708652018163
