pathway,database,overlap,pathway_size,fold_enrichment,p_value,overlapping_genes,fdr_q
Systemic lupus erythematosus,KEGG,8,135,3.56,0.0018866780167494073,"C7, H2AC1, H2AC12, H2AC14, H3C1, H3C3, H3C4, H4C11",0.5812146373652354
Type II diabetes mellitus,KEGG,4,46,5.23,0.007045535423037783,"CACNA1A, PRKCD, PRKCZ, SOCS2",0.5812146373652354
Riboflavin metabolism,KEGG,2,8,15.04,0.007217715909780173,"ACP1, ENPP3",0.5812146373652354
Inositol Phosphate Metabolism R-HSA-1483249,Reactome,4,48,5.01,0.008187399494023452,"IMPA1, INPPL1, ITPKC, PLCH2",0.5812146373652354
Synthesis Of IP3 And IP4 In Cytosol R-HSA-1855204,Reactome,3,26,6.94,0.008903668836619413,"INPPL1, ITPKC, PLCH2",0.5812146373652354
Formation Of TC-NER Pre-Incision Complex R-HSA-6781823,Reactome,4,52,4.63,0.010820415784818595,"CDK7, COPS3, POLR2F, PPIE",0.5812146373652354
Thyroxine Biosynthesis R-HSA-209968,Reactome,2,10,12.03,0.011348365615155837,"DIDO1, DUOX2",0.5812146373652354
PIWI-interacting RNA (piRNA) Biogenesis R-HSA-5601884,Reactome,3,29,6.22,0.012064885583653524,"PIWIL1, POLR2F, TDRD12",0.5812146373652354
Metalloprotease DUBs R-HSA-5689901,Reactome,3,31,5.82,0.014485933353175958,"H2AC1, H2AC12, H2AC14",0.5812146373652354
Expression And Translocation Of Olfactory Receptors R-HSA-9752946,Reactome,13,393,1.99,0.014566782891359284,"OR10G2, OR10G9, OR10J1, OR1D5, OR1E1, OR1F1, OR1G1, OR2A25, OR4D2, OR4F3, OR4P4, OR56A5, OR5C1",0.5812146373652354
Olfactory Signaling Pathway R-HSA-381753,Reactome,13,401,1.95,0.016931833149412122,"OR10G2, OR10G9, OR10J1, OR1D5, OR1E1, OR1F1, OR1G1, OR2A25, OR4D2, OR4F3, OR4P4, OR56A5, OR5C1",0.5812675882504026
Nicotinate and nicotinamide metabolism,KEGG,3,35,5.15,0.020095825097789923,"ENPP3, NMRK2, PNP",0.5812675882504026
GnRH secretion,KEGG,4,64,3.76,0.021780815113985386,"CACNA1H, CGA, KCNN1, KISS1",0.5812675882504026
FLT3 Signaling R-HSA-9607240,Reactome,3,37,4.88,0.023288135026118106,"SLA2, SOCS2, STAT5B",0.5812675882504026
Negative Regulation Of FLT3 R-HSA-9706369,Reactome,2,15,8.02,0.02507397918299429,"SLA2, SOCS2",0.5812675882504026
N-Glycan Antennae Elongation R-HSA-975577,Reactome,2,15,8.02,0.02507397918299429,"B4GALT6, ST8SIA6",0.5812675882504026
Insulin signaling pathway,KEGG,6,137,2.63,0.026984424492618442,"FOXO1, INPPL1, PRKCZ, RPS6, SH2B2, SOCS2",0.5812675882504026
Vitamin B5 (Pantothenate) Metabolism R-HSA-199220,Reactome,2,17,7.08,0.03177932519510692,"ENPP3, PANK4",0.5812675882504026
Olfactory transduction,KEGG,13,440,1.78,0.03283707874631797,"OR10G2, OR10G9, OR10J1, OR1D5, OR1E1, OR1F1, OR1G1, OR2A25, OR4D2, OR4F3, OR4P4, OR56A5, OR5C1",0.5812675882504026
Inositol phosphate metabolism,KEGG,4,73,3.3,0.033278776044684856,"IMPA1, INPPL1, ITPKC, PLCH2",0.5812675882504026
Nucleotide Excision Repair R-HSA-5696398,Reactome,5,108,2.78,0.034218073019490564,"CDK7, COPS3, PARP2, POLR2F, PPIE",0.5812675882504026
Metabolism Of Amine-Derived Hormones R-HSA-209776,Reactome,2,18,6.68,0.0353665851609693,"DIDO1, DUOX2",0.5812675882504026
VEGFR2 Mediated Cell Proliferation R-HSA-5218921,Reactome,2,18,6.68,0.0353665851609693,"PRKCD, PRKCZ",0.5812675882504026
Alcoholism,KEGG,7,186,2.26,0.03608841253867434,"H2AC1, H2AC12, H2AC14, H3C1, H3C3, H3C4, H4C11",0.5812675882504026
ABC transporters,KEGG,3,45,4.01,0.038632600731887706,"ABCA3, ABCG2, TAP2",0.5812675882504026
Neutrophil extracellular trap formation,KEGG,7,189,2.23,0.038817854924909405,"H2AC1, H2AC12, H2AC14, H3C1, H3C3, H3C4, H4C11",0.5812675882504026
Transcription-Coupled Nucleotide Excision Repair (TC-NER) R-HSA-6781827,Reactome,4,77,3.12,0.03933389694927537,"CDK7, COPS3, POLR2F, PPIE",0.5812675882504026
Transcriptional misregulation in cancer,KEGG,7,192,2.19,0.041679417138855854,"ETV4, FOXO1, H3C1, H3C3, H3C4, NSD2, PBX1",0.593931694228696
Inhibition Of DNA Recombination At Telomere R-HSA-9670095,Reactome,3,48,3.76,0.045429963131550594,"H2AC14, POLR2F, TERF1",0.6154741809025793
RMTs Methylate Histone Arginines R-HSA-3214858,Reactome,3,49,3.68,0.04781879600997483,"H2AC1, H2AC12, H2AC14",0.6154741809025793
Sphingolipid metabolism,KEGG,3,49,3.68,0.04781879600997483,"ACER1, B4GALT6, CERS1",0.6154741809025793
Malaria,KEGG,3,50,3.61,0.05026823304760663,"CD81, COMP, CSF3",0.6183347055887338
RNA Polymerase III Transcription Termination R-HSA-73980,Reactome,2,22,5.47,0.05114046437200054,"NFIX, POLR2F",0.6183347055887338
RHO GTPases Activate NADPH Oxidases R-HSA-5668599,Reactome,2,24,5.01,0.05980366854376041,"PRKCD, PRKCZ",0.6453132140799117
Growth Hormone Receptor Signaling R-HSA-982772,Reactome,2,24,5.01,0.05980366854376041,"SOCS2, STAT5B",0.6453132140799117
NOTCH3 Intracellular Domain Regulates Transcription R-HSA-9013508,Reactome,2,25,4.81,0.06431069739432929,"HEY1, PBX1",0.6453132140799117
Inactivation Of CSF3 (G-CSF) Signaling R-HSA-9705462,Reactome,2,25,4.81,0.06431069739432929,"CSF3, STAT5B",0.6453132140799117
Interleukin-7 Signaling R-HSA-1266695,Reactome,2,25,4.81,0.06431069739432929,"SOCS2, STAT5B",0.6453132140799117
Pyrimidine metabolism,KEGG,3,56,3.22,0.06620183289392878,"ENPP3, NME6, PNP",0.6453132140799117
N-glycan Antennae Elongation In medial/trans-Golgi R-HSA-975576,Reactome,2,26,4.63,0.06892794977413845,"B4GALT6, ST8SIA6",0.6453132140799117
RNA Pol II CTD Phosphorylation And Interaction With CE R-HSA-77075,Reactome,2,27,4.45,0.07365054774025863,"CDK7, POLR2F",0.6453132140799117
UCH Proteinases R-HSA-5689603,Reactome,4,95,2.53,0.07380437393924934,"H2AC1, H2AC12, H2AC14, PSMB9",0.6453132140799117
DNA Repair R-HSA-73894,Reactome,9,310,1.75,0.07484992042320175,"CDK7, COPS3, FANCI, H2AC14, NSD2, PARP2, POLR2F, PPIE, TERF1",0.6453132140799117
RNA Polymerase I Promoter Escape R-HSA-73772,Reactome,3,59,3.06,0.07493182943533586,"CDK7, H2AC14, POLR2F",0.6453132140799117
HDACs Deacetylate Histones R-HSA-3214815,Reactome,3,60,3.01,0.07794973155854681,"H2AC1, H2AC12, H2AC14",0.6453132140799117
rRNA Modification In Nucleus And Cytosol R-HSA-6790901,Reactome,3,60,3.01,0.07794973155854681,"NOP56, RPS6, SNU13",0.6453132140799117
Meiotic Synapsis R-HSA-1221632,Reactome,3,60,3.01,0.07794973155854681,"DIDO1, H2AC14, TERF1",0.6453132140799117
mRNA Capping R-HSA-72086,Reactome,2,29,4.15,0.08339291862962067,"CDK7, POLR2F",0.6453132140799117
Interaction Between L1 And Ankyrins R-HSA-445095,Reactome,2,29,4.15,0.08339291862962067,"KCNQ2, L1CAM",0.6453132140799117
TP53 Regulates Transcription Of DNA Repair Genes R-HSA-6796648,Reactome,3,62,2.91,0.08414239723844763,"CDK7, FANCI, POLR2F",0.6453132140799117
AGE-RAGE signaling pathway in diabetic complications,KEGG,4,100,2.41,0.08541401364268704,"FOXO1, PRKCD, PRKCZ, STAT5B",0.6453132140799117
RNA Polymerase I Transcription Termination R-HSA-73863,Reactome,2,30,4.01,0.08840357680298176,"CDK7, POLR2F",0.6453132140799117
Signaling By CSF3 (G-CSF) R-HSA-9674555,Reactome,2,30,4.01,0.08840357680298176,"CSF3, STAT5B",0.6453132140799117
Synthesis Of Active Ubiquitin: Roles Of E1 And E2 Enzymes R-HSA-8866652,Reactome,2,30,4.01,0.08840357680298176,"CDC34, UBE2G1",0.6453132140799117
Gap-filling DNA Repair Synthesis And Ligation In TC-NER R-HSA-6782210,Reactome,3,64,2.82,0.09053845525091656,"CDK7, POLR2F, PPIE",0.6453132140799117
Metabolism Of Vitamins And Cofactors R-HSA-196854,Reactome,6,186,1.94,0.09057027566033848,"ENPP3, NMRK2, PANK4, PTS, SLC19A3, UBIAD1",0.6453132140799117
Dual Incision In TC-NER R-HSA-6782135,Reactome,3,65,2.78,0.09381054740340984,"CDK7, POLR2F, PPIE",0.656673831823869
Formation Of Early Elongation Complex R-HSA-113418,Reactome,2,33,3.64,0.10394131354182386,"CDK7, POLR2F",0.7029251542913173
Packaging Of Telomere Ends R-HSA-171306,Reactome,2,33,3.64,0.10394131354182386,"H2AC14, TERF1",0.7029251542913173
Gene Silencing By RNA R-HSA-211000,Reactome,4,108,2.23,0.10570579224261994,"H2AC14, PIWIL1, POLR2F, TDRD12",0.7029435184134226
EPHB-mediated Forward Signaling R-HSA-3928662,Reactome,2,34,3.54,0.10927535159164979,"ARPC5, TIAM1",0.7078573011320227
Prolactin signaling pathway,KEGG,3,70,2.58,0.11087519465356425,"CGA, SOCS2, STAT5B",0.7078573011320227
IL-2/STAT5 Signaling,Hallmark,6,199,1.81,0.11510804699065877,"BATF3, CD81, ETV4, PNP, SOCS2, TIAM1",0.7078573011320227
Base Excision Repair R-HSA-73884,Reactome,3,72,2.51,0.11801226614426134,"H2AC14, PARP2, TERF1",0.7078573011320227
Hedgehog Signaling,Hallmark,2,36,3.34,0.12015196854128479,"HEY1, L1CAM",0.7078573011320227
Selenoamino Acid Metabolism R-HSA-2408522,Reactome,4,114,2.11,0.12222538150171634,"AIMP1, GSR, RPLP2, RPS6",0.7078573011320227
NoRC Negatively Regulates rRNA Expression R-HSA-427413,Reactome,3,74,2.44,0.12531579245103697,"CDK7, H2AC14, POLR2F",0.7078573011320227
Cleavage Of Damaged Purine R-HSA-110331,Reactome,2,37,3.25,0.12568704474215145,"H2AC14, TERF1",0.7078573011320227
DNA Damage Recognition In GG-NER R-HSA-5696394,Reactome,2,37,3.25,0.12568704474215145,"COPS3, PARP2",0.7078573011320227
Defective B3GALTL Causes PpS R-HSA-5083635,Reactome,2,37,3.25,0.12568704474215145,"ADAMTS13, THSD4",0.7078573011320227
Thyroid hormone synthesis,KEGG,3,75,2.41,0.12902757725296798,"CGA, DUOX2, GSR",0.7078573011320227
Association Of TriC/CCT With Target Proteins During Biosynthesis R-HSA-390471,Reactome,2,38,3.17,0.1312818052224804,"CCT6A, NOP56",0.7078573011320227
O-glycosylation Of TSR Domain-Containing Proteins R-HSA-5173214,Reactome,2,38,3.17,0.1312818052224804,"ADAMTS13, THSD4",0.7078573011320227
Primary immunodeficiency,KEGG,2,38,3.17,0.1312818052224804,"AIRE, TAP2",0.7078573011320227
Negative Epigenetic Regulation Of rRNA Expression R-HSA-5250941,Reactome,3,77,2.34,0.1365663697864832,"CDK7, H2AC14, POLR2F",0.7090982028842994
COPI-dependent Golgi-to-ER Retrograde Traffic R-HSA-6811434,Reactome,3,78,2.31,0.14039144508507445,"KIF13B, KIF1A, NBAS",0.7090982028842994
RNA Polymerase I Promoter Clearance R-HSA-73854,Reactome,3,78,2.31,0.14039144508507445,"CDK7, H2AC14, POLR2F",0.7090982028842994
RNA Polymerase III Abortive And Retractive Initiation R-HSA-749476,Reactome,2,40,3.01,0.1426365035246146,"NFIX, POLR2F",0.7090982028842994
Pancreas Beta Cells,Hallmark,2,40,3.01,0.1426365035246146,"FOXO1, SRP9",0.7090982028842994
RNA Polymerase I Transcription R-HSA-73864,Reactome,3,79,2.28,0.14425235064249478,"CDK7, H2AC14, POLR2F",0.7090982028842994
Metabolism Of Water-Soluble Vitamins And Cofactors R-HSA-196849,Reactome,4,122,1.97,0.1458336652586336,"ENPP3, NMRK2, PANK4, SLC19A3",0.7090982028842994
Metabolism Of Amino Acids And Derivatives R-HSA-71291,Reactome,9,364,1.49,0.15397058632129706,"AIMP1, DIDO1, DUOX2, GSR, IDO2, PSMB9, PYCR3, RPLP2, RPS6",0.7090982028842994
Formation Of Incision Complex In GG-NER R-HSA-5696395,Reactome,2,42,2.86,0.15418928700461984,"CDK7, PARP2",0.7090982028842994
Signaling By SCF-KIT R-HSA-1433557,Reactome,2,42,2.86,0.15418928700461984,"SH2B2, STAT5B",0.7090982028842994
Cleavage Of Damaged Pyrimidine R-HSA-110329,Reactome,2,42,2.86,0.15418928700461984,"H2AC14, TERF1",0.7090982028842994
Kinesins R-HSA-983189,Reactome,2,42,2.86,0.15418928700461984,"KIF13B, KIF1A",0.7090982028842994
Global Genome Nucleotide Excision Repair (GG-NER) R-HSA-5696399,Reactome,3,82,2.2,0.15604038978254967,"CDK7, COPS3, PARP2",0.7090982028842994
Formation Of HIV-1 Elongation Complex Containing HIV-1 Tat R-HSA-167200,Reactome,2,43,2.8,0.1600320075575957,"CDK7, POLR2F",0.7090982028842994
Sphingolipid De Novo Biosynthesis R-HSA-1660661,Reactome,2,44,2.73,0.16591488809201146,"ACER1, CERS1",0.7090982028842994
"Base-Excision Repair, AP Site Formation R-HSA-73929",Reactome,2,44,2.73,0.16591488809201146,"H2AC14, TERF1",0.7090982028842994
"Interleukin-3, Interleukin-5 And GM-CSF Signaling R-HSA-512988",Reactome,2,44,2.73,0.16591488809201146,"INPPL1, STAT5B",0.7090982028842994
Interleukin-2 Family Signaling R-HSA-451927,Reactome,2,44,2.73,0.16591488809201146,"INPPL1, STAT5B",0.7090982028842994
Purine metabolism,KEGG,4,129,1.86,0.1678236029967969,"ENPP3, ENTPD2, NME6, PNP",0.7090982028842994
Interleukin-10 Signaling R-HSA-6783783,Reactome,2,45,2.67,0.1718349944808545,"CCL19, CSF3",0.7090982028842994
Formation Of HIV Elongation Complex In Absence Of HIV Tat R-HSA-167152,Reactome,2,45,2.67,0.1718349944808545,"CDK7, POLR2F",0.7090982028842994
HIV Transcription Initiation R-HSA-167161,Reactome,2,46,2.61,0.1777894783447857,"CDK7, POLR2F",0.7090982028842994
RNA Polymerase I Transcription Initiation R-HSA-73762,Reactome,2,46,2.61,0.1777894783447857,"CDK7, POLR2F",0.7090982028842994
Meiosis R-HSA-1500620,Reactome,3,88,2.05,0.18045398270817956,"DIDO1, H2AC14, TERF1",0.7090982028842994
Translation R-HSA-72766,Reactome,7,281,1.5,0.18841417229315804,"AIMP1, EEF1D, GADD45GIP1, GSPT2, MRPS24, RPLP2, RPS6",0.7090982028842994
MAPK6/MAPK4 Signaling R-HSA-5687128,Reactome,3,90,2.0,0.1888121202318264,"ETV4, FOXO1, PSMB9",0.7090982028842994
Eukaryotic Translation Elongation R-HSA-156842,Reactome,3,90,2.0,0.1888121202318264,"EEF1D, RPLP2, RPS6",0.7090982028842994
Eukaryotic Translation Termination R-HSA-72764,Reactome,3,90,2.0,0.1888121202318264,"GSPT2, RPLP2, RPS6",0.7090982028842994
Amino sugar and nucleotide sugar metabolism,KEGG,2,48,2.51,0.18979060163535907,"CHIA, RENBP",0.7090982028842994
Cross-presentation Of Soluble Exogenous Antigens (Endosomes) R-HSA-1236978,Reactome,2,48,2.51,0.18979060163535907,"MRC2, PSMB9",0.7090982028842994
Factors Involved In Megakaryocyte Development And Platelet Production R-HSA-983231,Reactome,4,136,1.77,0.1909010498467318,"HBG2, KIF13B, KIF1A, SH2B2",0.7090982028842994
HCMV Late Events R-HSA-9610379,Reactome,3,91,1.98,0.19302827422337382,"H2AC1, H2AC12, H2AC14",0.7090982028842994
Activation Of HOX Genes During Differentiation R-HSA-5619507,Reactome,3,91,1.98,0.19302827422337382,"H2AC14, PBX1, POLR2F",0.7090982028842994
Signaling By NOTCH3 R-HSA-9012852,Reactome,2,49,2.45,0.1958319550662267,"HEY1, PBX1",0.7090982028842994
Reactive Oxygen Species Pathway,Hallmark,2,49,2.45,0.1958319550662267,"GSR, MGST1",0.7090982028842994
Nonsense Mediated Decay (NMD) Independent Of Exon Junction Complex (EJC) R-HSA-975956,Reactome,3,92,1.96,0.19726792110315094,"GSPT2, RPLP2, RPS6",0.7090982028842994
Telomere Maintenance R-HSA-157579,Reactome,3,92,1.96,0.19726792110315094,"H2AC14, POLR2F, TERF1",0.7090982028842994
Ubiquitin mediated proteolysis,KEGG,4,140,1.72,0.20451713223913048,"AIRE, CDC34, HERC4, UBE2G1",0.7285922836019024
HCMV Early Events R-HSA-9609690,Reactome,3,96,1.88,0.21444324122191238,"H2AC1, H2AC12, H2AC14",0.7380763039551547
Chemokine signaling pathway,KEGG,5,192,1.57,0.2158978450610062,"CCL19, PRKCD, PRKCZ, STAT5B, TIAM1",0.7380763039551547
Fc gamma R-mediated phagocytosis,KEGG,3,97,1.86,0.21878676767431604,"ARPC5, INPPL1, PRKCD",0.7380763039551547
Anchoring Of Basal Body To Plasma Membrane R-HSA-5620912,Reactome,3,97,1.86,0.21878676767431604,"CDK5RAP2, SCLT1, SSNA1",0.7380763039551547
Phosphatidylinositol signaling system,KEGG,3,97,1.86,0.21878676767431604,"IMPA1, INPPL1, ITPKC",0.7380763039551547
Response Of EIF2AK4 (GCN2) To Amino Acid Deficiency R-HSA-9633012,Reactome,3,98,1.84,0.22314840452409476,"CEBPG, RPLP2, RPS6",0.7380763039551547
RUNX1 Regulates Transcription Of Genes Involved In Differentiation Of HSCs R-HSA-8939236,Reactome,3,98,1.84,0.22314840452409476,"CDK7, H2AC14, PSMB9",0.7380763039551547
RHOJ GTPase Cycle R-HSA-9013409,Reactome,2,54,2.23,0.22634786797621695,"SCRIB, SYDE1",0.7380763039551547
Shigellosis,KEGG,6,246,1.47,0.22670140837930736,"ARPC5, FOXO1, H3C1, H3C3, H3C4, PRKCD",0.7380763039551547
Sensory Perception R-HSA-9709957,Reactome,13,616,1.27,0.22678488743351963,"OR10G2, OR10G9, OR10J1, OR1D5, OR1E1, OR1F1, OR1G1, OR2A25, OR4D2, OR4F3, OR4P4, OR56A5, OR5C1",0.7380763039551547
CLEC7A (Dectin-1) Signaling R-HSA-5607764,Reactome,3,99,1.82,0.22752728167038605,"CDC34, PRKCD, PSMB9",0.7380763039551547
KEAP1-NFE2L2 Pathway R-HSA-9755511,Reactome,3,100,1.8,0.23192253738258287,"GSR, PRKCD, PSMB9",0.7462668743197626
mTORC1 Signaling,Hallmark,5,200,1.5,0.24017946785580152,"CCT6A, ENO1, GSR, NUFIP1, PNP",0.7666528613957184
Ub-specific Processing Proteases R-HSA-5689880,Reactome,5,201,1.5,0.24326682822406945,"H2AC1, H2AC12, H2AC14, PSMB9, USP13",0.7691684857849048
Glutathione metabolism,KEGG,2,57,2.11,0.2448230518663732,"GSR, MGST1",0.7691684857849048
Cellular Response To Starvation R-HSA-9711097,Reactome,4,153,1.57,0.25052232694616766,"CASTOR2, CEBPG, RPLP2, RPS6",0.7763379197881721
Formation Of RNA Pol II Elongation Complex R-HSA-112382,Reactome,2,58,2.07,0.25099647030745414,"CDK7, POLR2F",0.7763379197881721
RHOQ GTPase Cycle R-HSA-9013406,Reactome,2,59,2.04,0.25717417700472167,"SCRIB, SYDE1",0.7793081455964422
B-WICH Complex Positively Regulates rRNA Expression R-HSA-5250924,Reactome,2,59,2.04,0.25717417700472167,"H2AC14, POLR2F",0.7793081455964422
HATs Acetylate Histones R-HSA-3214847,Reactome,3,106,1.7,0.25859087080417625,"H2AC1, H2AC12, H2AC14",0.7793081455964422
O-linked Glycosylation R-HSA-5173105,Reactome,3,107,1.69,0.263077393069545,"ADAMTS13, B4GALT6, THSD4",0.7793081455964422
Insulin resistance,KEGG,3,108,1.67,0.26757372452174266,"FOXO1, PRKCD, PRKCZ",0.7793081455964422
Ribosome biogenesis in eukaryotes,KEGG,3,108,1.67,0.26757372452174266,"GNL3L, NOP56, SNU13",0.7793081455964422
UV Response Up,Hallmark,4,158,1.52,0.2687818137584403,"CDC34, CEBPG, PARP2, PRKCD",0.7793081455964422
Signaling By FGFR In Disease R-HSA-1226099,Reactome,2,61,1.97,0.26953514810102513,"POLR2F, STAT5B",0.7793081455964422
DNA Damage/Telomere Stress Induced Senescence R-HSA-2559586,Reactome,2,61,1.97,0.26953514810102513,"H2AC14, TERF1",0.7793081455964422
Necroptosis,KEGG,4,159,1.51,0.27246298031243743,"H2AC1, H2AC12, H2AC14, STAT5B",0.7821059650695146
Asymmetric Localization Of PCP Proteins R-HSA-4608870,Reactome,2,62,1.94,0.2757149064631109,"PSMB9, SCRIB",0.7857874834198662
Synthesis Of Substrates In N-glycan Biosythesis R-HSA-446219,Reactome,2,63,1.91,0.28189193812191765,"RENBP, ST8SIA6",0.7898340560523648
Nonsense Mediated Decay (NMD) Enhanced By Exon Junction Complex (EJC) R-HSA-975957,Reactome,3,112,1.61,0.285641727745852,"GSPT2, RPLP2, RPS6",0.7898340560523648
Golgi-to-ER Retrograde Transport R-HSA-8856688,Reactome,3,112,1.61,0.285641727745852,"KIF13B, KIF1A, NBAS",0.7898340560523648
Bile Acid Metabolism,Hallmark,3,112,1.61,0.285641727745852,"ABCA3, CYP27A1, PEX7",0.7898340560523648
Reproduction R-HSA-1474165,Reactome,3,113,1.6,0.29017563251859557,"DIDO1, H2AC14, TERF1",0.7898340560523648
Unfolded Protein Response,Hallmark,3,113,1.6,0.29017563251859557,"CEBPG, NOP56, PDIA6",0.7898340560523648
Transport To Golgi And Subsequent Modification R-HSA-948021,Reactome,4,164,1.47,0.29099149433508176,"B4GALT6, COG4, GOLGA2, ST8SIA6",0.7898340560523648
Cortisol synthesis and secretion,KEGG,2,65,1.85,0.2942314274261481,"CACNA1H, PBX1",0.7932320239394127
Integrin Cell Surface Interactions R-HSA-216083,Reactome,2,66,1.82,0.3003908216222379,"COMP, MADCAM1",0.8000333919515207
Regulation Of Expression Of SLITs And ROBOs R-HSA-9010553,Reactome,4,167,1.44,0.30219158730878576,"GSPT2, PSMB9, RPLP2, RPS6",0.8000333919515207
Epigenetic Regulation Of Gene Expression R-HSA-212165,Reactome,3,116,1.56,0.303806236043315,"CDK7, H2AC14, POLR2F",0.8000333919515207
Regulation Of PTEN Stability And Activity R-HSA-8948751,Reactome,2,67,1.8,0.3065413595744176,"PSMB9, USP13",0.8000333919515207
Tight junction,KEGG,4,169,1.42,0.3096860066675647,"ARPC5, PRKCZ, SCRIB, TIAM1",0.8000333919515207
Chromosome Maintenance R-HSA-73886,Reactome,3,118,1.53,0.31291033897952997,"H2AC14, POLR2F, TERF1",0.8000333919515207
Protein processing in endoplasmic reticulum,KEGG,4,171,1.41,0.31719880897364655,"ERO1B, PDIA6, UBE2G1, UBXN8",0.8000333919515207
Sphingolipid signaling pathway,KEGG,3,119,1.52,0.31746544361524986,"ACER1, CERS1, PRKCZ",0.8000333919515207
Loss Of Nlp From Mitotic Centrosomes R-HSA-380259,Reactome,2,69,1.74,0.31881029904835034,"CDK5RAP2, SSNA1",0.8000333919515207
Diseases Associated With O-glycosylation Of Proteins R-HSA-3906995,Reactome,2,69,1.74,0.31881029904835034,"ADAMTS13, THSD4",0.8000333919515207
Transcription Of HIV Genome R-HSA-167172,Reactome,2,69,1.74,0.31881029904835034,"CDK7, POLR2F",0.8000333919515207
HCMV Infection R-HSA-9609646,Reactome,3,121,1.49,0.32657843644651996,"H2AC1, H2AC12, H2AC14",0.805941009925747
Developmental Biology R-HSA-1266738,Reactome,20,1073,1.12,0.3302966952147284,"ARPC5, CACNA1H, CERS1, FOXO1, GSPT2, H2AC14, KCNQ2, KRT16, L1CAM, MED9, PBX1, PKP2, PLPPR3, POLR2F, PRSS8, PSMB9, RPLP2, RPS6, SRY, TIAM1",0.805941009925747
Diseases Of Programmed Cell Death R-HSA-9645723,Reactome,2,71,1.69,0.3310275908015133,"GOLGA2, H2AC14",0.805941009925747
AURKA Activation By TPX2 R-HSA-8854518,Reactome,2,72,1.67,0.33711374293457774,"CDK5RAP2, SSNA1",0.805941009925747
Coronavirus disease,KEGG,5,232,1.3,0.34289354500235647,"C7, CFD, CSF3, RPLP2, RPS6",0.805941009925747
Major Pathway Of rRNA Processing In Nucleolus And Cytosol R-HSA-6791226,Reactome,4,179,1.34,0.34737124532470676,"NOP56, RPLP2, RPS6, SNU13",0.805941009925747
RNA Polymerase II Transcribes snRNA Genes R-HSA-6807505,Reactome,2,74,1.63,0.34923519737720504,"CDK7, POLR2F",0.805941009925747
Positive Epigenetic Regulation Of rRNA Expression R-HSA-5250913,Reactome,2,74,1.63,0.34923519737720504,"H2AC14, POLR2F",0.805941009925747
Formation Of Cornified Envelope R-HSA-6809371,Reactome,2,74,1.63,0.34923519737720504,"PKP2, PRSS8",0.805941009925747
PPAR signaling pathway,KEGG,2,74,1.63,0.34923519737720504,"CYP27A1, GK2",0.805941009925747
Intra-Golgi And Retrograde Golgi-to-ER Traffic R-HSA-6811442,Reactome,4,181,1.33,0.3549295094288573,"COG4, KIF13B, KIF1A, NBAS",0.805941009925747
NOD-like receptor signaling pathway,KEGG,4,181,1.33,0.3549295094288573,"CARD6, PRKCD, PYDC1, TRPM2",0.805941009925747
mRNA Splicing - Major Pathway R-HSA-72163,Reactome,4,181,1.33,0.3549295094288573,"POLR2F, PPIE, SNRPN, SNU13",0.805941009925747
G2/M Transition R-HSA-69275,Reactome,4,182,1.32,0.3587088977426906,"CDK5RAP2, CDK7, PSMB9, SSNA1",0.805941009925747
Protein Ubiquitination R-HSA-8852135,Reactome,2,76,1.58,0.36128153127184626,"CDC34, UBE2G1",0.805941009925747
Transcriptional Regulation By Small RNAs R-HSA-5578749,Reactome,2,76,1.58,0.36128153127184626,"H2AC14, POLR2F",0.805941009925747
Mitotic G2-G2/M Phases R-HSA-453274,Reactome,4,184,1.31,0.36626641571366336,"CDK5RAP2, CDK7, PSMB9, SSNA1",0.805941009925747
Biosynthesis Of N-glycan Precursor (Dolichol LLO) And Transfer To Protein R-HSA-446193,Reactome,2,77,1.56,0.3672739355781227,"RENBP, ST8SIA6",0.805941009925747
ABC Transporter Disorders R-HSA-5619084,Reactome,2,77,1.56,0.3672739355781227,"ABCA3, PSMB9",0.805941009925747
FCERI Mediated NF-kB Activation R-HSA-2871837,Reactome,2,78,1.54,0.3732445274332036,"CDC34, PSMB9",0.805941009925747
Nuclear Events Mediated By NFE2L2 R-HSA-9759194,Reactome,2,78,1.54,0.3732445274332036,"GSR, PSMB9",0.805941009925747
Neutrophil Degranulation R-HSA-6798695,Reactome,9,468,1.16,0.37623585598661985,"ARPC5, ATAD3B, MGST1, OLFM4, PLPPR3, PPIE, PRKCD, TMC6, TRPM2",0.805941009925747
Recruitment Of NuMA To Mitotic Centrosomes R-HSA-380320,Reactome,2,80,1.5,0.3851165878782667,"CDK5RAP2, SSNA1",0.805941009925747
RNA Polymerase II Pre-transcription Events R-HSA-674695,Reactome,2,80,1.5,0.3851165878782667,"CDK7, POLR2F",0.805941009925747
COPI-mediated Anterograde Transport R-HSA-6807878,Reactome,2,80,1.5,0.3851165878782667,"COG4, GOLGA2",0.805941009925747
mRNA Splicing R-HSA-72172,Reactome,4,189,1.27,0.3851368007049491,"POLR2F, PPIE, SNRPN, SNU13",0.805941009925747
rRNA Processing In Nucleus And Cytosol R-HSA-8868773,Reactome,4,189,1.27,0.3851368007049491,"NOP56, RPLP2, RPS6, SNU13",0.805941009925747
Spermatogenesis,Hallmark,3,135,1.34,0.39008346428515667,"MAST2, PARP2, PCSK4",0.805941009925747
B cell receptor signaling pathway,KEGG,2,81,1.48,0.39101630433948165,"CD81, INPPL1",0.805941009925747
Centrosome Maturation R-HSA-380287,Reactome,2,81,1.48,0.39101630433948165,"CDK5RAP2, SSNA1",0.805941009925747
Signaling By NOTCH4 R-HSA-9013694,Reactome,2,81,1.48,0.39101630433948165,"HEY1, PSMB9",0.805941009925747
Cyclin E Associated Events During G1/S Transition R-HSA-69202,Reactome,2,82,1.47,0.396890702203405,"CDK7, PSMB9",0.805941009925747
Mitochondrial Translation Termination R-HSA-5419276,Reactome,2,82,1.47,0.396890702203405,"GADD45GIP1, MRPS24",0.805941009925747
Mitochondrial Translation Initiation R-HSA-5368286,Reactome,2,82,1.47,0.396890702203405,"GADD45GIP1, MRPS24",0.805941009925747
Mitochondrial Translation Elongation R-HSA-5389840,Reactome,2,82,1.47,0.396890702203405,"GADD45GIP1, MRPS24",0.805941009925747
Influenza Viral RNA Transcription And Replication R-HSA-168273,Reactome,3,137,1.32,0.3990605991196429,"POLR2F, RPLP2, RPS6",0.805941009925747
Coagulation,Hallmark,3,138,1.31,0.40353588314479116,"CFD, COMP, SH2B2",0.805941009925747
Cyclin A:Cdk2-associated Events At S Phase Entry R-HSA-69656,Reactome,2,84,1.43,0.40856041736026644,"CDK7, PSMB9",0.805941009925747
Peptide Ligand-Binding Receptors R-HSA-375276,Reactome,4,196,1.23,0.4114346560397732,"CCL19, KISS1, NMS, OXT",0.805941009925747
Complement and coagulation cascades,KEGG,2,85,1.42,0.41435425394038056,"C7, CFD",0.805941009925747
C-type Lectin Receptors (CLRs) R-HSA-5621481,Reactome,3,141,1.28,0.4169030351196666,"CDC34, PRKCD, PSMB9",0.805941009925747
Peptide Chain Elongation R-HSA-156902,Reactome,2,86,1.4,0.4201198087732139,"RPLP2, RPS6",0.805941009925747
Taste transduction,KEGG,2,86,1.4,0.4201198087732139,"CACNA1A, ENTPD2",0.805941009925747
Nervous System Development R-HSA-9675108,Reactome,10,545,1.1,0.42094900156303483,"ARPC5, CACNA1H, GSPT2, KCNQ2, L1CAM, PLPPR3, PSMB9, RPLP2, RPS6, TIAM1",0.805941009925747
rRNA Processing R-HSA-72312,Reactome,4,199,1.21,0.42263870054682745,"NOP56, RPLP2, RPS6, SNU13",0.805941009925747
Regulation Of PLK1 Activity At G2/M Transition R-HSA-2565942,Reactome,2,87,1.38,0.42585641933334045,"CDK5RAP2, SSNA1",0.805941009925747
RAC2 GTPase Cycle R-HSA-9013404,Reactome,2,87,1.38,0.42585641933334045,"SYDE1, TIAM1",0.805941009925747
Fcgamma Receptor (FCGR) Dependent Phagocytosis R-HSA-2029480,Reactome,2,87,1.38,0.42585641933334045,"ARPC5, PRKCD",0.805941009925747
Xenobiotic Metabolism,Hallmark,4,200,1.2,0.4263623583568486,"ACP1, CYP27A1, GSR, PTS",0.805941009925747
Myc Targets V1,Hallmark,4,200,1.2,0.4263623583568486,"ACP1, NOP56, RPS6, SYNCRIP",0.805941009925747
Metabolism Of RNA R-HSA-8953854,Reactome,12,666,1.08,0.429796233677355,"CDK7, GSPT2, NOP56, POLR2F, PPIE, PRKCD, PSMB9, PYDC1, RPLP2, RPS6, SNRPN, SNU13",0.805941009925747
Mitochondrial Translation R-HSA-5368287,Reactome,2,88,1.37,0.4315634527432277,"GADD45GIP1, MRPS24",0.805941009925747
Regulation Of mRNA Stability By Proteins That Bind AU-rich Elements R-HSA-450531,Reactome,2,88,1.37,0.4315634527432277,"PRKCD, PSMB9",0.805941009925747
PCP/CE Pathway R-HSA-4086400,Reactome,2,88,1.37,0.4315634527432277,"PSMB9, SCRIB",0.805941009925747
Sphingolipid Metabolism R-HSA-428157,Reactome,2,89,1.35,0.4372403049775133,"ACER1, CERS1",0.805941009925747
Unfolded Protein Response (UPR) R-HSA-381119,Reactome,2,89,1.35,0.4372403049775133,"CEBPG, PDIA6",0.805941009925747
Signaling By NOTCH R-HSA-157118,Reactome,4,203,1.19,0.4374963403914633,"H2AC14, HEY1, PBX1, PSMB9",0.805941009925747
Viral mRNA Translation R-HSA-192823,Reactome,2,90,1.34,0.4428864000853703,"RPLP2, RPS6",0.805941009925747
Selenocysteine Synthesis R-HSA-2408557,Reactome,2,90,1.34,0.4428864000853703,"RPLP2, RPS6",0.805941009925747
Chaperonin-mediated Protein Folding R-HSA-390466,Reactome,2,90,1.34,0.4428864000853703,"CCT6A, NOP56",0.805941009925747
Cell adhesion molecules,KEGG,3,148,1.22,0.44769521354017483,"ESAM, L1CAM, MADCAM1",0.805941009925747
EPH-Ephrin Signaling R-HSA-2682334,Reactome,2,91,1.32,0.44850118943058315,"ARPC5, TIAM1",0.805941009925747
CDC42 GTPase Cycle R-HSA-9013148,Reactome,3,149,1.21,0.4520427177106352,"SCRIB, SYDE1, TIAM1",0.805941009925747
Metabolism R-HSA-1430728,Reactome,35,2049,1.03,0.45957253709888257,"ABCG2, ACER1, AIMP1, B4GALT6, CACNA1A, CCNI, CERS1, CIAO3, CMBL, CYP27A1, DDHD1, DIDO1, DUOX2, ENO1, ENPP3, ENTPD2, GK2, GSR, IDO2, IMPA1, INPPL1, ITPKC, MED9, MGST1, NMRK2, PANK4, PLCH2, PSMB9, PTS, PYCR3, RPLP2, RPS6, SLC19A3, SULT4A1, UBIAD1",0.805941009925747
Signaling By ROBO Receptors R-HSA-376176,Reactome,4,209,1.15,0.4595738763197908,"GSPT2, PSMB9, RPLP2, RPS6",0.805941009925747
GnRH signaling pathway,KEGG,2,93,1.29,0.45963478842277744,"CGA, PRKCD",0.805941009925747
RAC3 GTPase Cycle R-HSA-9013423,Reactome,2,93,1.29,0.45963478842277744,"SYDE1, TIAM1",0.805941009925747
VEGFA-VEGFR2 Pathway R-HSA-4420097,Reactome,2,93,1.29,0.45963478842277744,"PRKCD, PRKCZ",0.805941009925747
Phagosome,KEGG,3,152,1.19,0.46500001878759323,"COMP, MRC2, TAP2",0.805941009925747
Downstream TCR Signaling R-HSA-202424,Reactome,2,94,1.28,0.46515263077169233,"CDC34, PSMB9",0.805941009925747
G Alpha (Q) Signaling Events R-HSA-416476,Reactome,4,212,1.13,0.4705037892056746,"KISS1, NMS, OXT, PRKCD",0.805941009925747
Drug ADME R-HSA-9748784,Reactome,2,95,1.27,0.470637231360148,"ABCG2, SLC28A2",0.805941009925747
Metabolism Of Nucleotides R-HSA-15869,Reactome,2,95,1.27,0.470637231360148,"ENTPD2, GSR",0.805941009925747
Staphylococcus aureus infection,KEGG,2,95,1.27,0.470637231360148,"CFD, KRT16",0.805941009925747
Protein Folding R-HSA-391251,Reactome,2,96,1.25,0.4760881673205359,"CCT6A, NOP56",0.811791362226042
Signaling By Interleukins R-HSA-449147,Reactome,8,453,1.06,0.48191895040190713,"CCL19, CSF3, FOXO1, INPPL1, LRRC14, PSMB9, SOCS2, STAT5B",0.818236856214302
Influenza Infection R-HSA-168255,Reactome,3,157,1.15,0.4862914431770913,"POLR2F, RPLP2, RPS6",0.8196966246460144
Formation Of A Pool Of Free 40S Subunits R-HSA-72689,Reactome,2,98,1.23,0.4868874687747003,"RPLP2, RPS6",0.8196966246460144
Biological Oxidations R-HSA-211859,Reactome,4,218,1.1,0.4921143419611364,"CMBL, CYP27A1, MGST1, SULT4A1",0.821764876560259
L1CAM Interactions R-HSA-373760,Reactome,2,99,1.21,0.492235101498501,"KCNQ2, L1CAM",0.821764876560259
Deubiquitination R-HSA-5688426,Reactome,5,279,1.08,0.49619000906973,"H2AC1, H2AC12, H2AC14, PSMB9, USP13",0.8226340563166046
Axon Guidance R-HSA-422475,Reactome,9,519,1.04,0.4968792169731872,"ARPC5, CACNA1H, GSPT2, KCNQ2, L1CAM, PSMB9, RPLP2, RPS6, TIAM1",0.8226340563166046
Asparagine N-linked Glycosylation R-HSA-446203,Reactome,5,282,1.07,0.5056261577855675,"B4GALT6, COG4, GOLGA2, RENBP, ST8SIA6",0.824058230374933
JAK-STAT signaling pathway,KEGG,3,162,1.11,0.5071698695482407,"CSF3, SOCS2, STAT5B",0.824058230374933
ABC-family Proteins Mediated Transport R-HSA-382556,Reactome,2,102,1.18,0.5080659766221391,"ABCA3, PSMB9",0.824058230374933
Potassium Channels R-HSA-1296071,Reactome,2,102,1.18,0.5080659766221391,"KCNN1, KCNQ2",0.824058230374933
Signaling By VEGF R-HSA-194138,Reactome,2,102,1.18,0.5080659766221391,"PRKCD, PRKCZ",0.824058230374933
Phase I - Functionalization Of Compounds R-HSA-211945,Reactome,2,104,1.16,0.5184403179121226,"CMBL, CYP27A1",0.8307537624374977
Transport Of Inorganic Cations/Anions And Amino Acids/Oligopeptides R-HSA-425393,Reactome,2,104,1.16,0.5184403179121226,"SLC34A3, SLC9A2",0.8307537624374977
Antigen processing-Cross Presentation R-HSA-1236975,Reactome,2,104,1.16,0.5184403179121226,"MRC2, PSMB9",0.8307537624374977
Post-translational Protein Phosphorylation R-HSA-8957275,Reactome,2,106,1.13,0.5286686566900234,"FSTL3, PDIA6",0.8437551760772772
Phase II - Conjugation Of Compounds R-HSA-156580,Reactome,2,107,1.12,0.533727537901842,"MGST1, SULT4A1",0.846303046764887
Drug metabolism,KEGG,2,108,1.11,0.5387493079656173,"MGST1, NME6",0.846303046764887
SRP-dependent Cotranslational Protein Targeting To Membrane R-HSA-1799339,Reactome,2,108,1.11,0.5387493079656173,"RPLP2, RPS6",0.846303046764887
L13a-mediated Translational Silencing Of Ceruloplasmin Expression R-HSA-156827,Reactome,2,108,1.11,0.5387493079656173,"RPLP2, RPS6",0.846303046764887
GTP Hydrolysis And Joining Of 60S Ribosomal Subunit R-HSA-72706,Reactome,2,109,1.1,0.5437337980783995,"RPLP2, RPS6",0.8474600993487554
HIF-1 signaling pathway,KEGG,2,109,1.1,0.5437337980783995,"ENO1, RPS6",0.8474600993487554
Assembly Of Pre-Replicative Complex R-HSA-68867,Reactome,2,110,1.09,0.548680855227261,"H2AC14, PSMB9",0.8518430398275374
Mitotic Prophase R-HSA-68875,Reactome,2,112,1.07,0.5584621346960729,"GOLGA2, H2AC14",0.8611308588689367
Chromatin Modifying Enzymes R-HSA-3247509,Reactome,4,238,1.01,0.5612509329248189,"H2AC1, H2AC12, H2AC14, NSD2",0.8611308588689367
Disorders Of Transmembrane Transporters R-HSA-5619115,Reactome,3,176,1.03,0.56316735597028,"ABCA3, PSMB9, SLC34A3",0.8611308588689367
Cholinergic synapse,KEGG,2,113,1.06,0.563296125726297,"CACNA1A, KCNQ2",0.8611308588689367
Interleukin-1 Signaling R-HSA-9020702,Reactome,2,114,1.06,0.5680922203197664,"LRRC14, PSMB9",0.8645027235209245
Processing Of Capped Intron-Containing Pre-mRNA R-HSA-72203,Reactome,4,242,0.99,0.5744634414516372,"POLR2F, PPIE, SNRPN, SNU13",0.8645027235209245
TCR Signaling R-HSA-202403,Reactome,2,116,1.04,0.5775704094747826,"CDC34, PSMB9",0.8645027235209245
Cap-dependent Translation Initiation R-HSA-72737,Reactome,2,116,1.04,0.5775704094747826,"RPLP2, RPS6",0.8645027235209245
Cellular Response To Chemical Stress R-HSA-9711123,Reactome,3,182,0.99,0.5859589275580848,"GSR, PRKCD, PSMB9",0.8645027235209245
Diseases Of Metabolism R-HSA-5668914,Reactome,4,247,0.97,0.590661830066433,"ABCA3, ADAMTS13, CYP27A1, THSD4",0.8645027235209245
Estrogen-dependent Gene Expression R-HSA-9018519,Reactome,2,119,1.01,0.5915018634616852,"H2AC14, POLR2F",0.8645027235209245
Neurotrophin signaling pathway,KEGG,2,119,1.01,0.5915018634616852,"PRKCD, SH2B2",0.8645027235209245
Signaling By TGFB Family Members R-HSA-9006936,Reactome,2,119,1.01,0.5915018634616852,"FSTL3, PRKCZ",0.8645027235209245
Homology Directed Repair R-HSA-5693538,Reactome,2,119,1.01,0.5915018634616852,"NSD2, PARP2",0.8645027235209245
"Growth hormone synthesis, secretion and action",KEGG,2,119,1.01,0.5915018634616852,"SOCS2, STAT5B",0.8645027235209245
Transcriptional Regulation By RUNX2 R-HSA-8878166,Reactome,2,119,1.01,0.5915018634616852,"HEY1, PSMB9",0.8645027235209245
Cilium Assembly R-HSA-5617833,Reactome,3,186,0.97,0.6007277636339466,"CDK5RAP2, SCLT1, SSNA1",0.8747824003282654
ESR-mediated Signaling R-HSA-8939211,Reactome,3,188,0.96,0.6079820093772446,"H2AC14, POLR2F, PRKCZ",0.8780052828853123
Regulation Of IGF Transport And Uptake By IGFBPs R-HSA-381426,Reactome,2,123,0.98,0.6095425146847908,"FSTL3, PDIA6",0.8780052828853123
Immunoregulatory Interactions Between A Lymphoid And A non-Lymphoid Cell R-HSA-198933,Reactome,2,123,0.98,0.6095425146847908,"CD81, MADCAM1",0.8780052828853123
DNA Replication Pre-Initiation R-HSA-69002,Reactome,2,127,0.95,0.6269727476311424,"H2AC14, PSMB9",0.8980580563178608
G1/S Transition R-HSA-69206,Reactome,2,129,0.93,0.6354597933636512,"CDK7, PSMB9",0.8980580563178608
Class A/1 (Rhodopsin-like Receptors) R-HSA-373076,Reactome,5,327,0.92,0.6370384142035331,"CCL19, KISS1, NMS, OXT, PLPPR3",0.8980580563178608
Fc Epsilon Receptor (FCERI) Signaling R-HSA-2454202,Reactome,2,130,0.93,0.639646530808545,"CDC34, PSMB9",0.8980580563178608
TCF Dependent Signaling In Response To WNT R-HSA-201681,Reactome,3,198,0.91,0.6429276087480817,"H2AC14, PSMB9, SRY",0.8980580563178608
Human papillomavirus infection,KEGG,5,331,0.91,0.647639474508263,"COMP, FOXO1, HEY1, PRKCZ, SCRIB",0.8980580563178608
Estrogen Response Early,Hallmark,3,200,0.9,0.649648672462751,"ABCA3, THSD4, TIAM1",0.8980580563178608
Glycolysis,Hallmark,3,200,0.9,0.649648672462751,"CACNA1H, ENO1, PKP2",0.8980580563178608
Complement,Hallmark,3,200,0.9,0.649648672462751,"APOBEC3F, PRKCD, PSMB9",0.8980580563178608
KRAS Signaling Dn,Hallmark,3,200,0.9,0.649648672462751,"KCNN1, KCNQ2, OXT",0.8980580563178608
ER To Golgi Anterograde Transport R-HSA-199977,Reactome,2,133,0.9,0.6519806402997896,"COG4, GOLGA2",0.8980580563178608
Cell Cycle R-HSA-1640170,Reactome,10,654,0.92,0.652110017010295,"CDK5RAP2, CDK7, DIDO1, GOLGA2, H2AC14, NSD2, POLR2F, PSMB9, SSNA1, TERF1",0.8980580563178608
Cell Surface Interactions At Vascular Wall R-HSA-202733,Reactome,2,134,0.9,0.6560169746016915,"ESAM, L1CAM",0.8980580563178608
RHO GTPase Effectors R-HSA-195258,Reactome,4,269,0.89,0.6574685082796815,"ARPC5, H2AC14, PRKCD, PRKCZ",0.8980580563178608
Diabetic cardiomyopathy,KEGG,3,203,0.89,0.6595615028624202,"GSR, PRKCD, PRKCZ",0.8980580563178608
Viral carcinogenesis,KEGG,3,203,0.89,0.6595615028624202,"H4C11, SCRIB, STAT5B",0.8980580563178608
Transcriptional Regulation By RUNX1 R-HSA-8878171,Reactome,3,204,0.88,0.6628207128748971,"CDK7, H2AC14, PSMB9",0.8980580563178608
Late Phase Of HIV Life Cycle R-HSA-162599,Reactome,2,136,0.88,0.6639777609367643,"CDK7, POLR2F",0.8980580563178608
Estrogen signaling pathway,KEGG,2,137,0.88,0.6679024596303512,"KRT16, PRKCD",0.9003144641638856
Keratinization R-HSA-6805567,Reactome,3,208,0.87,0.6756320634732791,"KRT16, PKP2, PRSS8",0.9016080639876071
Fluid shear stress and atherosclerosis,KEGG,2,139,0.87,0.6756411306573797,"MGST1, PRKCZ",0.9016080639876071
PTEN Regulation R-HSA-6807070,Reactome,2,139,0.87,0.6756411306573797,"PSMB9, USP13",0.9016080639876071
Clathrin-mediated Endocytosis R-HSA-8856828,Reactome,2,142,0.85,0.6869744802089746,"ARPC5, COPS3",0.909508825443793
Beta-catenin Independent WNT Signaling R-HSA-3858494,Reactome,2,142,0.85,0.6869744802089746,"PSMB9, SCRIB",0.909508825443793
Diseases Of Glycosylation R-HSA-3781865,Reactome,2,143,0.84,0.6906796343595721,"ADAMTS13, THSD4",0.909508825443793
Spinocerebellar ataxia,KEGG,2,143,0.84,0.6906796343595721,"CACNA1A, NOP56",0.909508825443793
cAMP signaling pathway,KEGG,3,216,0.84,0.7001742407845237,"CGA, OXT, TIAM1",0.9151630393013647
Mitotic G1 Phase And G1/S Transition R-HSA-453279,Reactome,2,147,0.82,0.7051415139298747,"CDK7, PSMB9",0.9151630393013647
Metabolism Of Proteins R-HSA-392499,Reactome,29,1890,0.92,0.7077678506702297,"ABCA3, ADAMTS13, AIMP1, B4GALT6, CCT6A, CDC34, COG4, COPS3, EEF1D, ERO1B, FSTL3, GADD45GIP1, GOLGA2, GSPT2, H2AC1, H2AC12, H2AC14, MRPS24, NOP56, PDIA6, PSMB9, RENBP, RPLP2, RPS6, SOCS2, ST8SIA6, THSD4, UBE2G1, USP13",0.9151630393013647
G2/M Checkpoints R-HSA-69481,Reactome,2,148,0.81,0.7086681755790485,"NSD2, PSMB9",0.9151630393013647
Diseases Of Signal Transduction By Growth Factor Receptors And Second Messengers R-HSA-5663202,Reactome,6,424,0.85,0.7115083100994852,"FOXO1, HEY1, POLR2F, PSMB9, RPS6, STAT5B",0.9151630393013647
HIV Life Cycle R-HSA-162587,Reactome,2,149,0.81,0.71215967840719,"CDK7, POLR2F",0.9151630393013647
DNA Double-Strand Break Repair R-HSA-5693532,Reactome,2,149,0.81,0.71215967840719,"NSD2, PARP2",0.9151630393013647
DNA Repair,Hallmark,2,150,0.8,0.715616211183022,"PNP, POLR2F",0.9151630393013647
Spliceosome,KEGG,2,150,0.8,0.715616211183022,"PPIE, SNU13",0.9151630393013647
Interleukin-1 Family Signaling R-HSA-446652,Reactome,2,152,0.79,0.72242513876146,"LRRC14, PSMB9",0.9159233009852498
Signaling By WNT R-HSA-195721,Reactome,4,294,0.82,0.7240320263209095,"H2AC14, PSMB9, SCRIB, SRY",0.9159233009852498
mTOR signaling pathway,KEGG,2,154,0.78,0.7290965346072819,"CASTOR2, RPS6",0.9159233009852498
Oxytocin signaling pathway,KEGG,2,154,0.78,0.7290965346072819,"OXT, TRPM2",0.9159233009852498
DNA Replication R-HSA-69306,Reactome,2,155,0.78,0.7323811638610234,"H2AC14, PSMB9",0.9159233009852498
Cushing syndrome,KEGG,2,155,0.78,0.7323811638610234,"CACNA1H, PBX1",0.9159233009852498
Cytokine Signaling In Immune System R-HSA-1280215,Reactome,10,702,0.86,0.7360094452111848,"CCL19, CSF3, FOXO1, INPPL1, LRRC14, PRKCD, PSMB9, SLA2, SOCS2, STAT5B",0.9159233009852498
HIV Infection R-HSA-162906,Reactome,3,229,0.79,0.737016275464891,"CDK7, POLR2F, PSMB9",0.9159233009852498
Ribosome,KEGG,2,158,0.76,0.7420332692643687,"RPLP2, RPS6",0.9159233009852498
Hemostasis R-HSA-109582,Reactome,8,576,0.84,0.7466112118975721,"ESAM, HBG2, KIF13B, KIF1A, L1CAM, PRKCD, PRKCZ, SH2B2",0.9159233009852498
S Phase R-HSA-69242,Reactome,2,161,0.75,0.7513871754837734,"CDK7, PSMB9",0.9159233009852498
Intracellular Signaling By Second Messengers R-HSA-9006925,Reactome,4,306,0.79,0.7523923133879169,"FOXO1, PRKCD, PSMB9, USP13",0.9159233009852498
Antigen Processing: Ubiquitination And Proteasome Degradation R-HSA-983168,Reactome,4,307,0.78,0.7546519068442893,"CDC34, HERC4, PSMB9, UBE2G1",0.9159233009852498
Class I MHC Mediated Antigen Processing And Presentation R-HSA-983169,Reactome,5,378,0.8,0.7571566458863739,"CDC34, HERC4, MRC2, PSMB9, UBE2G1",0.9159233009852498
Hippo signaling pathway,KEGG,2,163,0.74,0.7574603503867068,"PRKCZ, SCRIB",0.9159233009852498
Neddylation R-HSA-8951664,Reactome,3,237,0.76,0.7578605473738429,"COPS3, PSMB9, SOCS2",0.9159233009852498
Protein Localization R-HSA-9609507,Reactome,2,164,0.73,0.7604487748016509,"CCNI, PEX7",0.9159233009852498
M Phase R-HSA-68886,Reactome,5,380,0.79,0.7611936846891001,"CDK5RAP2, GOLGA2, H2AC14, PSMB9, SSNA1",0.9159233009852498
Chemical carcinogenesis,KEGG,3,239,0.75,0.7628593858276469,"CACNA1A, MGST1, STAT5B",0.9159233009852498
Cellular Senescence R-HSA-2559583,Reactome,2,165,0.73,0.7634053901418525,"H2AC14, TERF1",0.9159233009852498
Calcium signaling pathway,KEGG,3,240,0.75,0.7653274178696694,"CACNA1A, CACNA1H, ITPKC",0.9159233009852498
Cellular Responses To Stress R-HSA-2262752,Reactome,10,722,0.83,0.7667127381681038,"CASTOR2, CEBPG, GSR, H2AC14, PDIA6, PRKCD, PSMB9, RPLP2, RPS6, TERF1",0.9159233009852498
GPCR Ligand Binding R-HSA-500792,Reactome,6,458,0.79,0.7775029651989005,"ADGRE2, CCL19, KISS1, NMS, OXT, PLPPR3",0.9260408451174964
SLC-mediated Transmembrane Transport R-HSA-425407,Reactome,3,247,0.73,0.7820259959934514,"SLC28A2, SLC34A3, SLC9A2",0.9281062341014227
Membrane Trafficking R-HSA-199991,Reactome,8,599,0.8,0.7838892252936828,"ARPC5, COG4, COPS3, GOLGA2, KIF13B, KIF1A, NBAS, RALGAPB",0.9281062341014227
Cellular Responses To Stimuli R-HSA-8953897,Reactome,10,736,0.82,0.7866780573677679,"CASTOR2, CEBPG, GSR, H2AC14, PDIA6, PRKCD, PSMB9, RPLP2, RPS6, TERF1",0.9286524996737852
Apoptosis R-HSA-109581,Reactome,2,178,0.68,0.7990512728132039,"PRKCD, PSMB9",0.9353936359784749
Tuberculosis,KEGG,2,180,0.67,0.8040939947767107,"CEBPG, MRC2",0.9353936359784749
Axon guidance,KEGG,2,182,0.66,0.8090243802115566,"L1CAM, PRKCZ",0.9353936359784749
Signaling By Nuclear Receptors R-HSA-9006931,Reactome,3,260,0.69,0.8104427812276074,"H2AC14, POLR2F, PRKCZ",0.9353936359784749
Mitotic Prometaphase R-HSA-68877,Reactome,2,186,0.65,0.8185556940639568,"CDK5RAP2, SSNA1",0.9353936359784749
Innate Immune System R-HSA-168249,Reactome,14,1035,0.81,0.8241496356911224,"ARPC5, ATAD3B, CD81, CDC34, LRRC14, MGST1, OLFM4, PLPPR3, POLR2F, PPIE, PRKCD, PSMB9, TMC6, TRPM2",0.9353936359784749
PIP3 Activates AKT Signaling R-HSA-1257604,Reactome,3,268,0.67,0.826334086299325,"FOXO1, PSMB9, USP13",0.9353936359784749
Vesicle-mediated Transport R-HSA-5653656,Reactome,8,637,0.76,0.8364356379122603,"ARPC5, COG4, COPS3, GOLGA2, KIF13B, KIF1A, NBAS, RALGAPB",0.9353936359784749
Signaling By Receptor Tyrosine Kinases R-HSA-9006934,Reactome,6,496,0.73,0.8371519940675394,"POLR2F, PRKCD, PRKCZ, SH2B2, STAT5B, TIAM1",0.9353936359784749
Organelle Biogenesis And Maintenance R-HSA-1852241,Reactome,3,275,0.66,0.8392951035542003,"CDK5RAP2, SCLT1, SSNA1",0.9353936359784749
Transcriptional Regulation By TP53 R-HSA-3700989,Reactome,4,354,0.68,0.8438481961661392,"CDK7, FANCI, GSR, POLR2F",0.9353936359784749
Signaling By Rho GTPases R-HSA-194315,Reactome,8,644,0.75,0.8449346007167285,"ARPC5, CCT6A, H2AC14, PRKCD, PRKCZ, SCRIB, SYDE1, TIAM1",0.9353936359784749
Mitotic Spindle,Hallmark,2,199,0.6,0.8466628307395796,"CDK5RAP2, TIAM1",0.9353936359784749
heme Metabolism,Hallmark,2,200,0.6,0.8486528727423757,"ABCG2, NARF",0.9353936359784749
Myogenesis,Hallmark,2,200,0.6,0.8486528727423757,"CACNA1H, CFD",0.9353936359784749
Estrogen Response Late,Hallmark,2,200,0.6,0.8486528727423757,"ABCA3, TIAM1",0.9353936359784749
Apical Junction,Hallmark,2,200,0.6,0.8486528727423757,"INPPL1, MADCAM1",0.9353936359784749
E2F Targets,Hallmark,2,200,0.6,0.8486528727423757,"NOP56, SYNCRIP",0.9353936359784749
p53 Pathway,Hallmark,2,200,0.6,0.8486528727423757,"CD81, KIF13B",0.9353936359784749
Interferon Gamma Response,Hallmark,2,200,0.6,0.8486528727423757,"PNP, PSMB9",0.9353936359784749
Epithelial Mesenchymal Transition,Hallmark,2,200,0.6,0.8486528727423757,"COMP, FSTL3",0.9353936359784749
Inflammatory Response,Hallmark,2,200,0.6,0.8486528727423757,"CSF3, SLC28A2",0.9353936359784749
Allograft Rejection,Hallmark,2,200,0.6,0.8486528727423757,"CCL19, TAP2",0.9353936359784749
G2-M Checkpoint,Hallmark,2,200,0.6,0.8486528727423757,"NSD2, SYNCRIP",0.9353936359784749
Proteoglycans in cancer,KEGG,2,205,0.59,0.8582560470317222,"RPS6, TIAM1",0.9416272862895398
"Signaling By Rho GTPases, Miro GTPases And RHOBTB3 R-HSA-9716542",Reactome,8,660,0.73,0.8630541515543155,"ARPC5, CCT6A, H2AC14, PRKCD, PRKCZ, SCRIB, SYDE1, TIAM1",0.9416272862895398
Phospholipid Metabolism R-HSA-1483257,Reactome,2,208,0.58,0.8637483377994275,"DDHD1, INPPL1",0.9416272862895398
Programmed Cell Death R-HSA-5357801,Reactome,2,208,0.58,0.8637483377994275,"PRKCD, PSMB9",0.9416272862895398
Rap1 signaling pathway,KEGG,2,210,0.57,0.8673011874222318,"PRKCZ, TIAM1",0.9420337514886686
Human immunodeficiency virus 1 infection,KEGG,2,212,0.57,0.8707691137022426,"APOBEC3F, TAP2",0.9420337514886686
"Cell Cycle, Mitotic R-HSA-69278",Reactome,6,523,0.69,0.8712041461135809,"CDK5RAP2, CDK7, GOLGA2, H2AC14, PSMB9, SSNA1",0.9420337514886686
Regulation of actin cytoskeleton,KEGG,2,218,0.55,0.8806803406838624,"ARPC5, TIAM1",0.9497066376563814
Post-translational Protein Modification R-HSA-597592,Reactome,18,1383,0.78,0.8906223808988531,"ADAMTS13, B4GALT6, CDC34, COG4, COPS3, FSTL3, GOLGA2, H2AC1, H2AC12, H2AC14, PDIA6, PSMB9, RENBP, SOCS2, ST8SIA6, THSD4, UBE2G1, USP13",0.9562379667798723
Signaling By GPCR R-HSA-372790,Reactome,8,689,0.7,0.8915301344413846,"ADGRE2, CCL19, KISS1, NMS, OXT, PLPPR3, PRKCD, TIAM1",0.9562379667798723
G Alpha (I) Signaling Events R-HSA-418594,Reactome,3,312,0.58,0.8947796125868818,"CCL19, NMS, PRKCD",0.9571503094428039
MAPK Family Signaling Cascades R-HSA-5683057,Reactome,3,318,0.57,0.9019576260365405,"ETV4, FOXO1, PSMB9",0.9622489111994109
Salmonella infection,KEGG,2,249,0.48,0.9215995142301311,"ARPC5, PLEKHM1",0.9780727090518322
Endocytosis,KEGG,2,252,0.48,0.9247694911531739,"ARPC5, PRKCZ",0.9780727090518322
Neuroactive ligand-receptor interaction,KEGG,3,341,0.53,0.9255653352703972,"CGA, KISS1, OXT",0.9780727090518322
"Platelet Activation, Signaling And Aggregation R-HSA-76002",Reactome,2,254,0.47,0.9268154844693463,"PRKCD, PRKCZ",0.9780727090518322
Immune System R-HSA-168256,Reactome,25,1943,0.77,0.9352982427338534,"ARPC5, ATAD3B, CCL19, CD81, CDC34, CSF3, FOXO1, HERC4, INPPL1, LRRC14, MADCAM1, MGST1, MRC2, OLFM4, PLPPR3, POLR2F, PPIE, PRKCD, PSMB9, SLA2, SOCS2, STAT5B, TMC6, TRPM2, UBE2G1",0.9780727090518322
PI3K-Akt signaling pathway,KEGG,3,354,0.51,0.9364922145641281,"COMP, CSF3, RPS6",0.9780727090518322
RHO GTPase Cycle R-HSA-9012999,Reactome,4,441,0.55,0.9382690799201886,"CCT6A, SCRIB, SYDE1, TIAM1",0.9780727090518322
Cell Cycle Checkpoints R-HSA-69620,Reactome,2,271,0.44,0.94220905807576,"NSD2, PSMB9",0.9780727090518322
Prion disease,KEGG,2,273,0.44,0.9438038713287196,"C7, PRKCD",0.9780727090518322
GPCR Downstream Signaling R-HSA-388396,Reactome,6,619,0.58,0.9481483341299247,"CCL19, KISS1, NMS, OXT, PRKCD, TIAM1",0.9780727090518322
Transport Of Small Molecules R-HSA-382551,Reactome,7,706,0.6,0.952315546849167,"ABCA3, ABCG2, PSMB9, SLC28A2, SLC34A3, SLC9A2, TRPM2",0.9780727090518322
Metabolism Of Carbohydrates R-HSA-71387,Reactome,2,285,0.42,0.9525299196464658,"B4GALT6, ENO1",0.9780727090518322
Extracellular Matrix Organization R-HSA-1474244,Reactome,2,291,0.41,0.956393690971217,"COMP, MADCAM1",0.9780727090518322
Neuronal System R-HSA-112316,Reactome,3,386,0.47,0.9574018034181435,"CACNA1A, KCNN1, KCNQ2",0.9780727090518322
MAPK signaling pathway,KEGG,2,294,0.41,0.9582112727107324,"CACNA1A, CACNA1H",0.9780727090518322
Cytokine-cytokine receptor interaction,KEGG,2,295,0.41,0.9588008974476677,"CCL19, CSF3",0.9780727090518322
Infectious Disease R-HSA-5663205,Reactome,10,961,0.63,0.9622015155404015,"ARPC5, CDK7, ENO1, H2AC1, H2AC12, H2AC14, POLR2F, PSMB9, RPLP2, RPS6",0.9780727090518322
Metabolism Of Lipids R-HSA-556833,Reactome,7,732,0.58,0.9630006937870558,"ACER1, CERS1, CYP27A1, DDHD1, GK2, INPPL1, MED9",0.9780727090518322
Adaptive Immune System R-HSA-1280218,Reactome,7,733,0.57,0.9633648487653385,"CD81, CDC34, HERC4, MADCAM1, MRC2, PSMB9, UBE2G1",0.9780727090518322
Pathways in cancer,KEGG,4,531,0.45,0.9785491606654618,"FOXO1, HEY1, MGST1, STAT5B",0.9909672972221301
Disease R-HSA-1643685,Reactome,19,1736,0.66,0.9849300776067423,"ABCA3, ADAMTS13, ARPC5, CDK7, CYP27A1, ENO1, FOXO1, GOLGA2, H2AC1, H2AC12, H2AC14, HEY1, POLR2F, PSMB9, RPLP2, RPS6, SLC34A3, STAT5B, THSD4",0.9949040530761777
Signal Transduction R-HSA-162582,Reactome,26,2465,0.63,0.9975164112945931,"ADGRE2, ARPC5, CCL19, CCT6A, ETV4, FOXO1, FSTL3, H2AC14, HEY1, KISS1, NMS, OXT, PBX1, PLPPR3, POLR2F, PRKCD, PRKCZ, PSMB9, RPS6, SCRIB, SH2B2, SRY, STAT5B, SYDE1, TIAM1, USP13",0.999874084663908
Gene Expression (Transcription) R-HSA-74160,Reactome,11,1449,0.46,0.9993949632342753,"CDK7, FANCI, FOXO1, GSR, H2AC14, HEY1, NFIX, PIWIL1, POLR2F, PSMB9, TDRD12",0.999874084663908
Generic Transcription Pathway R-HSA-212436,Reactome,8,1190,0.4,0.9994205063098349,"CDK7, FANCI, FOXO1, GSR, H2AC14, HEY1, POLR2F, PSMB9",0.999874084663908
RNA Polymerase II Transcription R-HSA-73857,Reactome,8,1312,0.37,0.999874084663908,"CDK7, FANCI, FOXO1, GSR, H2AC14, HEY1, POLR2F, PSMB9",0.999874084663908
